"","Asterionellopsis_glacialis","Aureococcus_anophagefferens","Azadinium_cuneatum","Bacillaria_paxillifer","CCW10-lineage_X_sp.","Cercozoa","Chaetoceros","Chaetoceros_debilis","Chaetoceros_neogracilis","Chrysochromulina_simplex","Corethron_inerme","Coscinodiscus_wailesii","Cryomonadida","Cryothecomonas_aestivalis","Cryptophyceae","Dinoflagellata","Diplopsalidaceae","Eucampia_antarctica","Filosa-Granofilosea_X","Fragilariopsis_sublineata","Gymnodiniaceae","Gyrodinium_spirale","Heterocapsa_rotundata","Kinetoplastida","Leegaardiella_sp.","MAST-1A_XX_sp.","MAST-1C_XX_sp.","Micromonas_polaris","Navicula_gregaria","Nitzschia_sp.","Novel-clade-2_X_sp.","Paraphysomonas_sp.","Parvodinium_inconspicuum","Pentapharsodinium_dalei","Phaeocystis_antarctica","Picozoa_XXXX_sp.","Placidiales_XX_sp.","Planktoniella_sol","Polar-centric-Mediophyceae","Polarella_glacialis","Porosira_pseudodelicatula","Proboscia_alata","Prorocentrum_micans","Protaspa-lineage_X_sp.","Pseudo-nitzschia","Pseudopedinella_elastica","Pyramimonas_australis","Pyramimonas_sp.","Pyrsonympha_sp.","Raphid-pennate_X_sp.","Reckertia_filosa","Rhizosolenia_pungens","Spirotrichea","Stellarima_microtrias","Strombidiida_B_XX_sp.","Strombidiida_F_XX_sp.","Strombidiidae_M_X_sp.","Telonemia_XX","Thalassiosira_hendeyi","Thalassiosira_tumida","Toxarium_undulatum","Trinema_enchelys","Unclassified Eukaryota"
"20ppt3C_1",0.000542278343727002,0.000154936669636286,0.00272688538559864,0.000247898671418058,0.000224658170972615,0.00160359453073556,0,0.00561645427431537,0.096579773017779,0.00213037920749893,0.00510516326451563,0.00178951853429911,0,0.0110159972111399,0.0504628733005384,0.0038424294069799,0.000286632838827129,0.000805670682108688,0,0.229275283727776,0,0,0.000170430336599915,0,0,0.00804895998760507,0,0.0127048069101755,0,0,0,0.000154936669636286,0.000170430336599915,0.00596506178099702,0.0159197428051284,0.00138668319324476,0,0.0105047062013402,0.00185149320215362,0.000565518844172445,0.000596506178099702,9.29620017817717e-05,0,0.000170430336599915,0,0.0322733082852384,0.000720455513808731,0.00127822752449936,0,0.000325367006236201,0,0.405639694774761,0.000581012511136073,0.010094124026804,0,0,0.000472556842390673,0.000464810008908859,0.00166556919859008,0.0151605531239106,0.00121625285664485,0,0.0545067203780455
"20ppt3C_2",0.000561516797248568,9.65106995270976e-05,0.00236012528843539,0.000333400598366337,0.00023688989883924,0.00176351369135878,5.26421997420532e-05,0.00372882248172877,0.0908692104547409,0.000684348596646692,0.00337787448344841,0.00190389289067092,0,0.0133711187344815,0.0509050071505655,0.00268475218684471,0.000245663598796248,0.00046500609772147,0,0.262456460513963,0,0,8.77369995700887e-05,0,0,0.00639602726865947,0,0.0123884643392965,0,0,0,0.00023688989883924,0,0.0037551435815998,0.00747519236337156,0.00153539749247655,0,0.0120024215411881,0.00172841889153075,0.000640480096861648,0.000517648297463523,3.50947998280355e-05,0,0.000193021399054195,0,0.0336910078349141,0.000754538196302763,0.00112303359449714,0,0.000175473999140177,0,0.394132149468752,0.00070189599656071,0.00684348596646692,0,0,0.00110548619458312,0.000473779797678479,0.00107916509471209,0.015818981022487,0.000859822595786869,0,0.0548443984312625
"20ppt3C_3",0.0018101786005408,0.00537431907489755,0.00611637986766583,0.00182704361855827,0.000511572213196314,0.00226553408701225,0.00588589128809386,0.00283332302693343,0.0256123406958506,0.000421625450436523,0.193846517092696,0.00367095225513399,0,0.00321559676866255,0.0240663807109167,0.00602643310490603,0.000123676798794713,0.00459290657342186,0,0.135055064283827,0,0,0.000320435342331757,0,0.000382273741729114,0.0128623870746502,0.00933759830900086,0.0011636862432048,0.00197320710804293,0,0,0,0.000297948651641809,0.00698773913190131,0.0460302558423233,0.00120303795191221,0.000247353597589427,0.00625130001180551,0.0204122934738002,0.000269840288279375,0.0196758543537044,0.00146163489484661,0.000550923921903723,0.00277148462753608,0.00479528678963139,0.016415284203662,0.00473907006290652,5.62167267248697e-05,5.62167267248697e-06,0.000230488579571966,1.68650180174609e-05,0.31942344125071,0.000208001888882018,0.0156394933748588,0.0001292984714672,0.000399138759746575,0.0126656285311131,0.00497518031515097,0.00702146916793623,0.0177419989543689,0.0016808801290736,0,0.0292326978969322
"35ppt0C_1",0.00149660794189819,0.00555340307374403,0.00543944815431016,0.00128389209228829,0.00037984973144624,0.000957221323244524,0.00522673230470026,0.00230188937256421,0.0236114593066983,0.000113954919433872,0.149106213581907,0.00487727055176972,0,0.00246142625977163,0.0258677667114889,0.00647263942384393,0.000303879785156992,0.00607759570313984,0,0.093443033935775,0,0,0.000668535527345382,0,0.000387446726075165,0.00917716951174116,0.00965578017336342,0.00115474318359657,0.00164095083984776,0,0,2.27909838867744e-05,0.000212715849609894,0.00666256428956705,0.0449362232300902,0.0009496243286156,0.000425431699219789,0.00748303970949093,0.0198813349438962,0.000212715849609894,0.0219629114722216,0.00145862296875356,0.000584968586427209,0.00203599456055185,0.00567495498780682,0.0121627884009086,0.00531789624024736,0.000129148908691722,0,0.000159536887207421,0,0.406705107459489,0.000372252736817315,0.0224111341553282,0,0.000562177602540435,0.0126489960571598,0.00461137573975735,0.00628271455812081,0.0247965904688105,0.00182327871094195,0,0.0244395317212511
"35ppt0C_2",0.00163467825685603,0.00600664128107491,0.00714771080939011,0.00143595266484608,0.000391040681051835,0.00108337500160263,0.00501942382399323,0.003160377963255,0.0230201161583138,0.000160262574201572,0.173032296113953,0.00317960947215919,0,0.00300652589202149,0.0292383040373348,0.00746182545482519,0.000442324704796338,0.00452581509545239,1.28210059361257e-05,0.112927420285396,0.000461556213700527,0,0.000852596894752362,0,0.000493608728540841,0.0123786812313294,0.0132633306409221,0.00141031065297383,0.00119876405502776,0,0,0,0.00037821967511571,0.00802594971601472,0.0708360577970948,0.00150646819749478,0.000871828403656551,0.00737848891624037,0.017641704168109,0.000397451184019898,0.0217572470736054,0.0012949215995487,0.000794902368039796,0.0029872943831173,0.00521173891303512,0.0131992256112415,0.00568611613267177,0.000217957100914138,0,0.000128210059361257,0,0.334429529340872,0.000128210059361257,0.0171993794633127,0,0.00046796671666859,0.00915419823839378,0.00737207841327231,0.00696821672628434,0.0178660717719912,0.00197443491416337,0,0.0236611664551201
"35ppt0C_3",0.000876596771837105,0.000215973117698997,0.00303632794882708,0.000406537633315759,0.000196916666137321,0.00168331988794806,0.00015245161249341,0.00583127417787292,0.0978231180166045,0.00214702687594885,0.00590749998411962,0.00162615053326304,0,0.0112051935182656,0.0498707337369066,0.00388751611858195,0.000209620967178438,0.000749553761425931,0,0.226422405305316,0,0,0.000184212365096203,0,1.90564515616762e-05,0.0079274838496573,9.5282257808381e-05,0.0124629193213362,0.000114338709370057,0,0,0.000158803763013968,0.000165155913534527,0.00612347310181862,0.0173540752221665,0.00163250268378359,4.44650536439111e-05,0.00975690319957822,0.0021089139728255,0.000635215052055874,0.00120690859890616,5.71693546850286e-05,0,0.000298551074466261,0,0.0334250160391801,0.00055263709528861,0.00125137365255007,0,0.000184212365096203,0,0.403075711282055,0.000660623654138108,0.0102714273917435,0,0,0.000628862901535315,0.000438298385918553,0.00144193816816683,0.0145591289931206,0.00118149999682392,0,0.0541330267362015
"50ppt-3C_1",0.00278570843338564,0.00344116924124109,0.0101596425217594,0.00269117081686803,0.000340335419463404,0.00167016455847782,0.00373108459856177,0.00192226486919145,0.0119432522200584,0.000901258610801238,0.101835920512772,0.00197268493133418,0,0.00387604227722211,0.0232562536633326,0.00718485885533854,0.00218066768767292,0.00371217707525825,0.00015126018642818,0.138560633275981,0.00158192944972805,0.000705880869998172,0.000567225699105674,3.78150466070449e-05,0.00211764260999452,0.0044306629607921,0.00206722254785179,0.00422898271222119,0.00215545765660156,0,0.000126050155356816,4.41175543748858e-05,0.000428570528213176,0.00797897483408648,0.0668002798313449,0.00167016455847782,0.00551469429686072,0.00550839178909288,0.0124096377948786,0.0010336112739259,0.0303402723943857,0.00160083697303157,0.00197898743910202,0.00277310341784996,0.000932771149640442,0.017974752153882,0.00381931970731154,0.00091386362633692,0.00023319278741011,0.00115966142928271,0,0.392085310745145,0.00183402976044168,0.0207667630950355,0.0035041943189195,0.00192226486919145,0.013462156592108,0.00279201094115349,0.00273528837124292,0.019953739592984,0.00127310656910385,0.000466385574820221,0.020073487240573
"50ppt-3C_2",0.000655891632894001,0.000220931918448506,0.00412176110355493,0.000317589632769727,0.000407343224639432,0.00108394722488798,5.52329796121264e-05,0.00505381763450957,0.0776506652121982,0.00350039008291851,0.00814686449278864,0.00128416677598194,0,0.0070767255128037,0.0676604000248548,0.00337611587879123,0.00021402779599699,0.000635179265539454,0,0.223997348816979,0,0,0.00021402779599699,0,0,0.013545888249874,6.21371020636422e-05,0.0175571833942047,0,0,0,0.000186411306190927,0.000144986571481832,0.00303781387866695,0.0275129279692905,0.00230597689880628,9.66577143212212e-05,0.0121581596371193,0.00177435947003956,0.000317589632769727,0.000793974081924317,4.83288571606106e-05,0,0.000269260775609116,0,0.0231840431921901,0.000945864775857665,0.0012220296739183,0,0.000269260775609116,4.83288571606106e-05,0.406266181536996,0.000462576204251559,0.0086508654317493,0,0,0.000766357592118254,0.000517809183863685,0.00165698938836379,0.00966577143212212,0.00179507183739411,0,0.0536588396931808
"50ppt-3C_3",0.00294911212900797,0.00366721744647327,0.00874972983901891,0.0041134188087818,0.000606554976888164,0.00194515906381377,0.00251685455927158,0.00202184992296055,0.00903557758674782,0.000460145154880676,0.0912063472143788,0.00303277488444082,0,0.00501976532597101,0.0262003862430542,0.00745295712980974,0.00198699044153019,0.00398095277934645,2.09156888582125e-05,0.159126560833281,0.000732049110037439,0,0.000794796176612077,1.39437925721417e-05,0.000383454295733897,0.00132466029435346,0.00195213096009984,0.0037299645130479,0.00191029958238341,0,0,0,0.000376482399447826,0.0102626313330963,0.0384500080176807,0.00154776097550773,0.0018893838935252,0.00628167855374983,0.0151220430444877,0.00131768839806739,0.040743761895798,0.00212642836725161,0.00172903027894557,0.00299791540301046,0.000634442562032447,0.022825988440596,0.00465025482280926,0.00177783355294807,0.000104578444291063,0.0015059295977913,0,0.401553338492537,0.000801768072898148,0.0304881024589878,0.0013874073609281,0.000773880487753864,0.00407158743106538,0.00204973750810483,0.00228678198183124,0.0199117357930183,0.00146409822007488,0.000132466029435346,0.0229235949886009
"Ev32Core_A",0.00195595256430002,0.000492838441398429,0,0.00731557061450793,0.0016171261358386,0.00155552133066379,0.000246419220699215,0.00133990451255198,0.0295395040813183,0.000323425227167719,0.00766979824426305,0.0016787309410134,0.000385030032342523,0.00941013399045126,0.0292006776528569,0.0239026644078238,0.000369628831048822,0.00050823964269213,9.24072077622054e-05,0.252364084398583,0.000308024025874018,0.00623748652394887,0.0332973971969814,0.0016787309410134,0,0.00231018019405514,0.000415832434929925,0.00498998921915909,0.00469736639457878,0.0315570614507932,0.00637609733559218,0.00124749730478977,0,0.141706453103342,0.00637609733559218,0.000723856460803943,0.000939473278915755,0.00557523486831973,0.00257200061604805,0.000662251655629139,0.00380409671954412,0.000246419220699215,0.00181734175265671,0.00143231172031418,0.00112428769444017,0.0107192361004158,0.000631449253041737,0.000646850454335438,0.000261820421992915,0.0803634683505313,0.00612967811489296,0.142984752810719,0.000585245649160635,0.00434313876482366,0.000816263668566148,9.24072077622055e-05,0.00220237178499923,0.000431233636223625,0.000323425227167719,0.00942553519174496,0.000523640843985831,0,0.0328045587555829
"Ev32Core_B",0.0026567481402763,0.00614327515176219,0,0.00678380621023976,0.00227097375278413,0.000400331911548484,0,0.000305708005182479,0.00345013320134512,0.00131017716506777,0.0874761620543578,0.0101684305533315,0.00293334109734616,0.00812309842342014,0.0408265762159172,0.0319392077795409,0.00205988965396765,0.00486949179683519,0.000152854002591239,0.047988878051621,0.00438181474094886,0.0068565938305213,0.00181241174501041,0.000444004483717409,0.00232192508698121,0.00408338549779453,0.00755535498522411,0.000851615157294047,0.00361754472799266,0.00455650502962456,0.000553185914139723,0.00331183672281018,0.00302796500371217,0.0586158706127262,0.0259851804405107,0.0038504651128936,0.015525599406053,0.0124248467820593,0.013116329174734,0.00476758912844103,0.0343484780108599,0.00147030992968716,0.00460017760179349,0.00497139446522935,0.00357387215582374,0.00778827537012505,0.00823227985384246,0.00109909306625129,0.000545907152111569,0.0298793181255732,0.0115368378146245,0.227534101000102,0.00323904910252864,0.0227170162898694,0.0188228786048069,0.00224185870467151,0.0211229674057036,0.00587396095672048,0.000553185914139723,0.0286564861048433,7.27876202815425e-05,0,0.0346032346818453
"Ev32Core_C",0.000900634388456102,0.00214311540610722,0,0.00718535318673372,0.0401604049567761,0.00392466226210433,0.000512769943792525,0.000591657627452914,0.00789534233967722,0.00064424941655984,0.0776714985372909,0.00278736482266706,0.00657397363836571,0.0255333136114124,0.0105183578213851,0.0242053709364625,0.00103868783486178,0.00178812082963547,5.91657627452914e-05,0.174512704204056,0.00139368241133353,0.00445715412681195,0.00259671958715446,0.00209709759063866,0.000407586365578674,0.00252440587713243,0.00315550734641554,0.00127535088584295,0.00471353909870821,0.00402327186667981,0.00915097130460507,0.00360911152746277,0.000709989152943497,0.112704204056142,0.0486211090293528,0.000999243993031588,0.00473326101962331,0.00337902245011997,0.00816487525885021,0.0132005390658383,0.0120237977845709,0.000782302862965519,0.00171580711961345,0.00458863359957927,0.000953226177563028,0.00470696512506985,0.00123590704401275,0.000289254840088091,0.00526575288433093,0.0514413437202117,0.0141866351115932,0.105374223449364,0.00130822075403478,0.0115899155244387,0.00106498372941525,0.00118988922854419,0.0047924267823686,0.00128192485948131,0.0006902672320284,0.0119646320218256,0.000887486441179371,0,0.0256647930841797
"Ev37Core_A",0.00325227992430366,0.000280532917447246,0,0.000489743906729937,0.000446950749831205,0.00191618247002102,0.000294797303080156,0,0,0,0.000394648002510532,7.1321928164554e-05,0.000646652148691956,0.00213014825451468,0.0178542560171933,0.0373013684300617,0,2.85287712658216e-05,0,0.296998773262836,0,0.00630485844974657,0.0639710147683939,0.000437441159409264,1.42643856329108e-05,3.32835664767918e-05,0,6.18123377426134e-05,0.00513993362305885,0.0242874939376361,0.0162804188023622,0.00127428511654003,0,0.271669979173997,0.00177829340890288,1.90191808438811e-05,4.27931568987324e-05,0.00278630999362857,0.00183535095143452,0.000342345255189859,0.000675180919957777,0.000670426124746807,0.00227754690605476,0.00135511663512653,0.00166893311905056,8.55863137974647e-05,2.85287712658216e-05,0.000137889061118138,0.000527782268417699,0.112702910885628,0.0113734701446409,0.00890097663493633,0.000309061688713067,0.000190191808438811,0,0,0,9.0341109008435e-05,0,0.00256758941392394,7.1321928164554e-05,0,0.00812594501554818
"EvXCore_A",0.00294272201786653,0,0,0.00945874934314241,0.00126116657908565,0.00122613417411105,0.000140129619898406,0,0,0,0.00297775442284113,0.0173410404624277,0.00395866176212997,0.00900332807847259,0.000175162024873008,0.0443860571028201,0,0.004659309861622,0,0.12835873182694,0,0.00665615694517429,0,0.0069714485899457,0,0.000140129619898406,0.0092485549132948,0.000140129619898406,0.00318794885268874,0.00143632860395866,0.010194429847609,0.0533893851812927,0.000910842529339639,0.19474513925381,0.00893326326852338,0.000280259239796812,0,0.000385356454720617,0.00385356454720617,0.00168155543878087,0.0322998773865826,0.00886319845857418,0,0.00276755999299352,0,0,0,0,0.00868803643370117,0.181888246628131,0.018286915396742,0.0595901208617972,0.000595550884568226,0.0280259239796812,0,0,0.000280259239796812,0,0,0.00879313364862498,0.00276755999299352,0,0.0162200035032405
"Hero_1",0.000918011383341153,0.00832330320895979,0,0.00133621656908546,0.000311103857687835,0.000734409106672923,0.000800709928803117,0.000520206450559987,0.00294273648993248,0.00178502213427447,0.149044248148677,0.0139486729635447,3.57004426854893e-05,0.00109141353352782,0.0456863665109447,0.0261786246149452,0.00429425324874028,0.00477875925661478,0.000489606071115282,0.0374956649462453,0.00647198025255513,0.00242763010261327,0.000969012015748995,0,0.00240722984965014,0.00799179909830882,0.00871600807850017,0.00153001897223526,0.00226442807890818,0,0.000198902466390583,4.59005691670577e-05,0.00163712030029172,0.0472469858626247,0.0285042534527428,0.00255513168363288,0.01703931128746,0.00966971990452682,0.0212570635875885,0.00037740467981803,0.0379954711438422,0.002386829596687,0.00668618290866807,0.00557436912217711,0.00317223933576776,0.0107713335645362,0.00642097962014729,0.00193802403149799,0.000198902466390583,0.00111181378649095,0,0.282206899365552,0.00231032864807524,0.0329311083457435,0.0140506742283604,0.00245823048205798,0.028641955160244,0.00674228360431669,0.00232562883779759,0.0342826251045513,0.00231032864807524,0,0.0249444093106755
"Hero_2",0.00284715677034244,0.0121445962928055,0,0,0,0,0,0,0.00394674835061263,0,0.0338026233113415,0,0,0.000314169022934339,0,0.0115064404649702,0.00470271756204838,0,0.0154237354696827,0.0202933553251649,0.00633246936852026,0.00143339616713792,0.0359821709079485,0.025202246308514,0.00846292805529375,0.00734370091109017,0.0165036914860195,0.00237590323594094,0.000520342444234998,0,0,0.00694117185045555,0,0.0101614043355325,0.0151881087024819,0.00390747722274584,0.0103184888469997,0.00505615771284951,0.00246426327364122,0.0147463085139805,0,0,0,0,0,0.00170829406220547,0.0115457115928369,0.00925816839459629,0.011251178133836,0.320560398994659,0.0233074143889412,0.0518967954759661,0.00214027646874018,0.00550777568331763,0,0,0.0163662425384857,0.0295711592836946,0,0.059574300973924,0,0.0868284637134779,0.0160520735155514
"Hero_3",0,0.0284557986594157,0,0,0,0.0152523080814468,0,0,0,0,0.0501580877703301,0.00723409637030479,0.0211205261160997,0.00298469710383205,0.00586821803465284,0.0217781712406728,0,0,0.0163905400278234,0.0435816365245985,0,0,0.0177058302769698,0.0113570254205135,0.00693056785127103,0,0.000632351081320349,0,0,0,0,0,0.0152017199949412,0.016997597065891,0.0230428734033135,0,0,0,0,0.0118629062855697,0.00429998735297837,0,0.00384469457442772,0,0,0.00151764259516884,0.0101429113443784,0.00204881750347793,0.00665233337549007,0.302567345390161,0.00822056405716454,0.0147211331731377,0.00589351207790565,0.0115846718097888,0,0,0.0170987732389022,0.0179840647527507,0.000859997470595675,0.00576704186164158,0,0.0898444416339952,0.0374351840141647
"Station_B1_2",0.00244766562759122,0.0554227765928672,0.0198739806935939,0.00415038954243729,0.00018180125132471,0.00111297839225615,0.00086023031114619,0.000190669605047867,0.00103759738560932,0.00311279215682797,0.102176737421349,0.00049662780849677,0.000106420244677879,0.00147658089490557,0.0130763875647944,0.0293542508236484,0.00403953512089783,0.00236341626722123,0.000310392380310481,0.0812651593421455,0.000926742964069865,0.00436766420865463,0.00377791868606471,5.76442992005179e-05,0.000713902474714106,0.0621494228918815,0.033721915032303,0.00926742964069865,0.00304184532704271,0,0.00411048195068309,5.76442992005179e-05,0.00126374040554982,0.07978857844724,0.0654927922455115,0.00393311487621995,0.0127349559464529,0.0153599886485072,0.0083983309758293,0.000984387263270383,0.0320369278249032,0.00140563406512032,0.00400849588286678,0.00160960620075292,0.00224369349195862,0.00682863236683058,0.00115732016087194,0.00178253909835448,6.20784760620962e-05,0.000953348025239335,0.000141893659570506,0.0893220586996333,0.000700599944129372,0.0151826215740441,0.000807020188807251,0.00624775519796383,0.00557376031500392,0.0533963577671259,0.00384886551584997,0.0260906966535267,0.001472146718044,0,0.0501815795424816
"Station_B1_3",0.00265978919040144,0.0466875981161695,0,0.00398295581969051,0.000363310159228527,0.00172684458398744,0.000793899977573447,0.000139044628840547,0.000950885848845033,0.00263287732675488,0.0922628392016147,0.000861179636689841,0.000201838977349181,0.00179860955371159,0.0133348284368693,0.0298497420946401,0.00332361516034985,0.00236824400089706,0.000309486431935412,0.108436869253196,0.00104059206100022,0.00817223592733797,0.0034850863422292,3.13971742543171e-05,0.000453016371383718,0.0538282126037228,0.0330118860731106,0.0077685579726396,0.0026194213949316,0.000188383045525903,0.00613590491141512,6.72796591163938e-05,0.000888091500336398,0.0993361740300516,0.041287284144427,0.0037407490468715,0.0157120430589818,0.0185557299843014,0.00907826867010541,0.00100470957613815,0.0324601928683561,0.00150706436420722,0.00422516259250953,0.00185243328100471,0.00235927337968154,0.00783135232114824,0.00097331240188383,0.0021529490917246,0.000300515810719892,0.000923973985198475,0.000233236151603499,0.100107647454586,0.000565149136577708,0.0147297600358825,0.000986768333707109,0.0063377438887643,0.00621215519174703,0.0471899529042386,0.00400089706212155,0.0299977573446961,0.00111684234133214,0,0.0535994617627271
"Station_B1_4",0.000534522579590013,0.00415252242800898,0,0.00206229980334356,0.000402886421929786,0.000506599758268147,0.000877574384401514,0.000498621809319042,0.00602335145657403,0.00114882464867107,0.425408171813109,0.00523752348508722,0,0.000869596435452409,0.00796598202568102,0.00967326310078942,0.00430809243251652,0.00423230191750003,0.000303162060065978,0.0181259000123658,0.00245720827632424,0,0.000227371545049483,0.000155570004507541,0.000343051804811501,0.00236147288893498,0.00333478266072575,0.000829706690706886,0.00236147288893498,0.00121663721473846,0.000323106932438739,0,0.000382941549557024,0.00792609228093549,0.0194981072316118,0.0023016382718167,0.0140810798951698,0.00369379036343546,0.0240814389028725,8.37684639655991e-05,0.0316525124555728,0.00224978160364752,0.00242928545500237,0.00663366455118054,0.00224180365469841,0.00849651563079648,0.000757905150164944,0.000259283340845902,0.0264788125620784,0.000542500528539118,7.97794894910467e-05,0.225955459111017,0.000299173085591425,0.0304039634450379,0.00115281362314563,0.00250906494449342,0.0010211774654854,0.00209022262466542,0.00129242772975496,0.0247156858443263,0.00173121492195571,0,0.0258365876716755
"Station_B2_1",0.0017995990766614,0.0217850200461669,0,0.0017995990766614,0.000151864900984085,0.000903596160855303,0.00142753006925039,0.000303729801968169,0.00295377232414044,0.00235390596525331,0.143421212489369,0.00214129510387559,0,0.00418387802211153,0.0394241282954683,0.0142145547321103,0.00471540517555583,0.00389533471024177,0.000668205564329972,0.0715587413437006,0.00460150649981776,0.00130603814846313,0.0026956019924675,0,0.0044876078240797,0.0194311140809136,0.014093062811323,0.00297655205928806,0.00270319523751671,0,0.000121491920787268,0,0.00119973271777427,0.019036265338355,0.0719991495565545,0.00280190742315636,0.0224152593852509,0.021268679382821,0.0240022476005346,0.000546713643542704,0.0274495808528733,0.00220204106426923,0.00586198517798566,0.00352326570283076,0.00452557404932572,0.012232717774268,0.0046774389503098,0.00154902199003766,0.000205017616328514,0.00137437735390597,7.59324504920423e-05,0.197720507836229,0.0016249544405297,0.0244502490584376,0.00877779127688009,0.00478374438099866,0.0394089418053699,0.014427165593488,0.00432055643299721,0.0326585469566274,0.00241465192564694,0.000265763576722148,0.0233264487911554
"Station_B2_2",0.00111717495987159,0.0189534510433387,0,0.00241412520064205,0.00636918138041734,0.00147672552166934,0.000924558587479936,0.00041091492776886,0.00201605136436597,0.00206741573033708,0.0906067415730337,0.0038908507223114,0.000898876404494382,0.00602247191011236,0.033091492776886,0.0261829855537721,0.00304333868378812,0.00446869983948636,0.000231139646869984,0.0847512038523274,0.00437881219903692,0.00102728731942215,0.00210593900481541,0.000128410914927769,0.0039422150882825,0.015653290529695,0.0120064205457464,0.00328731942215088,0.00243980738362761,0,0.00139967897271268,0.000513643659711075,0.00114285714285714,0.0577207062600321,0.0525329052969502,0.00219582664526485,0.0207383627608347,0.0161926163723917,0.0245906902086677,0.0022215088282504,0.0290465489566613,0.00279935794542536,0.00640770465489567,0.00431460674157303,0.00385232744783307,0.0101958266452648,0.00538041733547352,0.001669341894061,0.000359550561797753,0.00859069020866774,0.00213162118780096,0.210105939004815,0.00359550561797753,0.0253868378812199,0.00686998394863563,0.00747351524879615,0.0488860353130016,0.00923274478330658,0.0039422150882825,0.0335794542536116,0.00175922953451043,0,0.0239101123595506
"Station_B2_3",0.00136413684241296,0.0169055530113321,0,0.00228005729374738,0.000438472556489881,0.00105233413557571,0.00103284646639839,0.000555398571553849,0.0025723723314073,0.00226056962457005,0.141870231610948,0.00360521879780569,8.76945112979762e-05,0.00288417503824455,0.033265451285699,0.0238918824114042,0.00279648052694657,0.00404369135429557,0.00019487669177328,0.0664432080601,0.00622631030215631,0.00119849165440567,0.00294263804577653,0,0.00483294195597735,0.0155316723343305,0.012267487747128,0.00228980112833605,0.00214364360950609,0.000175389022595952,0.000633349248263162,0,0.00133490533864697,0.0429410790322423,0.0238041879001062,0.00244570248175467,0.0191174034629588,0.0164378489510762,0.0251488370733418,0.000721043759561138,0.0334310964737063,0.0022215942862154,0.00688889105418546,0.00393650917382026,0.00356624345945103,0.00979255376160734,0.00507653782069396,0.0014908066920656,0.000311802706837249,0.00140311218076762,0.000136413684241296,0.252189926823802,0.00352726812109638,0.0283448148184236,0.00681094037747615,0.00808738270859114,0.0371434974519873,0.00928587436299681,0.0043067748881895,0.0356526907599217,0.00228005729374738,0,0.0240867591031775
"Station_B3_1",0.000774846630128027,0.00824607422888543,0,0.001158715602852,0.00036965160336383,0.000661107675246849,0.000931237693089648,0.000547368720365671,0.0026159959622671,0.00161367142237672,0.119169989976755,0.0173380819346996,5.68694774405892e-05,0.000611346882486334,0.0550354367931302,0.0289892161253403,0.00498318796073163,0.00481257952840986,0.000284347387202946,0.0341430125183937,0.00713711941879394,0.0017274103772579,0.000639781621206628,0,0.00260177859290695,0.00646890305886702,0.00914176849857471,0.00130088929645348,0.00206151855722136,0,0.000206151855722136,0,0.00214682277338224,0.0566419995308268,0.0295294761610259,0.00263021333162725,0.0165703439892517,0.00993083249806288,0.0195417741855225,0.000184825801681915,0.0371002253453044,0.00216104014274239,0.00786931394084153,0.00563007826661833,0.0032913210068741,0.0104497664797083,0.00780533577872086,0.0021041706653018,0.000213260540402209,0.000597129513126186,0,0.289408770695158,0.00257334385418666,0.0312071257455233,0.0175157990517015,0.0014288456206948,0.0310649520519218,0.00649022911290724,0.00231032252102394,0.0347259246621598,0.00199043171042062,0,0.0280295436935304
"Station_B3_2",0.000965419782710591,0.00838096304121223,0,0.00118228944404413,0.000265840230021757,0.000587646824258621,0.000629621597419951,0.000657604779527504,0.0030011962810351,0.0018608816101523,0.194196288030893,0.00933938702839593,0,0.000769537507957717,0.0597301022085727,0.0153907501591543,0.00327403230658374,0.00415550254297167,0.000160903297118432,0.0317539158965462,0.00395262447269191,0.000937436600603038,0.000776533303484606,0,0.00166499933539942,0.00739455587192098,0.00874474440861043,0.00106336092008703,0.00198680592963629,0,4.197477316133e-05,6.99579552688834e-06,0.00160203717565743,0.0350279482031299,0.0470886996914854,0.00237157468361515,0.0163421783508112,0.00884968134151375,0.0201269037308578,0.00016789909264532,0.0287876985931455,0.00336497764843329,0.00523985084963937,0.00474314936723029,0.00318308696473419,0.00903856782073974,0.00734558530323276,0.00216869661333539,0.000433739322667077,0.000370777162925082,0,0.280251568807147,0.0004197477316133,0.0266819641395521,0.0125364655841839,0.000531680460043514,0.0304107231553836,0.00740155166744786,0.00185388581462541,0.0325304492000308,0.00298720468998132,0,0.0212882057883212
"Station_B3_3",0.000809716599190283,0.00986654670865197,0,0.00107962213225371,0.000349877542859999,0.000969660618783426,0.000939671115109712,0.000339881041635428,0.00323886639676113,0.00187934223021942,0.130824211525966,0.0183435797470885,5.99790073474284e-05,0.000729744589393712,0.0677962713050432,0.0285000249912531,0.00462838006697656,0.00503823661718399,0.000239916029389714,0.0328584995251662,0.00746738641475484,0.00101964312490628,0.000469835557554856,0,0.00207927225471085,0.00856700154945769,0.0103063927625331,0.00128954865796971,0.00150947168491028,0,9.9965012245714e-05,0,0.00218923376818114,0.0505523066926576,0.0307192482631079,0.00318888389063828,0.0220222921977308,0.010356375268656,0.0176938071674914,0.000119958014694857,0.033468286099865,0.00245913930124456,0.00805717998700455,0.00546808616984056,0.00329884540410856,0.01364522417154,0.0090168441045634,0.00269905533063428,0.000349877542859999,0.000589793572249713,2.99895036737142e-05,0.254710851202079,0.00163942620082971,0.033748188134153,0.0184635377617834,0.00139951017144,0.0336282301194582,0.00708751936822112,0.00250912180736742,0.0332383665716999,0.00172939471185085,0,0.0291098115659519
"Station_B4_1",0.000713544907695499,0.00664592408214063,0,0.000879485583903754,0.000248911014312383,0.000348475420037337,0.00112009956440572,0.000622277535780958,0.00429786351379382,0.00195809997925742,0.288977390582867,0.00531839867247459,0,0.000497822028624767,0.0200871188550093,0.0146027795063265,0.00336859572702759,0.0049367351171956,0.00172578303256586,0.0240531010163866,0.00239784277120929,0,0.000572495332918482,0,0.000248911014312383,0.00433934868284588,0.00560049782202863,0.000970752955818295,0.00166770379589297,0,1.65940676208256e-05,0,0.000647168637212197,0.0123542833437046,0.0415349512549264,0.0032441402198714,0.0174569591371085,0.00573325036299523,0.0248413192283759,7.4673304293715e-05,0.0470773698402821,0.00287907073221323,0.00348475420037337,0.00485376477909148,0.00275461522505704,0.00783239991702966,0.00146857498444306,0.000846297448662103,0.000265505081933209,0.000439742791951877,1.65940676208256e-05,0.30492428956648,0.000373366521468575,0.0381746525617092,0.0026633478531425,0.000954158888197469,0.00168429786351379,0.00355942750466708,0.00185853557353246,0.0349471064094586,0.00239784277120929,0.00014934660858743,0.0162372951669778
"Station_B4_2",0.000794616651156131,0.00610637840933496,0,0.000794616651156131,0.000229078674207173,0.000687236022621519,0.00109528241105305,0.000422363805569475,0.00412341613572911,0.00159639201088124,0.208547498031355,0.00865487865988976,0,0.000801775359725106,0.0218984895124919,0.0160140310687952,0.0032142601474694,0.00592025198654163,0.00132436108526022,0.0413558594029637,0.00304960985038299,0.000873362445414847,0.00287780084472761,0,0.000436681222707424,0.00434533610136731,0.00596320423795547,0.00100221919965638,0.00190421647934713,0.00107380628534612,0.000594172811224855,0,0.000701553439759467,0.0256854463454793,0.0273176318992054,0.0034361801131076,0.0187414990335743,0.00765981816880235,0.0267019829622736,0.000221919965638199,0.0431312191280693,0.00282053117617582,0.00400171809005655,0.0053189204667478,0.00330016465029709,0.0117116472188417,0.00196148614789892,0.00093063211396664,0.000272030925621018,0.00470327152981602,0,0.327518075739137,0.000501109599828191,0.0406972582146181,0.00294222922184838,0.00113823466246689,0.00355071945021118,0.00355787815878016,0.001940010022192,0.0393585797122199,0.00248407187343403,0,0.0203951607130074
"Station_B4_3",0.000541072905014348,0.00504596079957201,0,0.000796410680414377,0.000188463596128593,0.000443801371528622,0.000972715334857254,0.000346529838042897,0.00381182821847186,0.00141043723554302,0.286640970769904,0.00592748407178639,0,0.00044988084237148,0.0179283595155878,0.0135632994504158,0.00266888770001459,0.0052344243957006,0.00154418559408589,0.0243908370215456,0.00290598706288605,0,0.000462039784057196,0,0.000316132483828608,0.00373887456835757,0.00544112640435777,0.000887602743057244,0.00141651670638588,0,4.25562959000049e-05,0,0.000601867613442926,0.0115509946014299,0.0339416857156753,0.00288166917951461,0.0168826905306162,0.00544112640435776,0.0246218569135742,6.68741792714362e-05,0.0465018724770196,0.00303365595058606,0.00324643743008609,0.00552015952531492,0.00252905987062886,0.00830455717134381,0.00142259617722873,0.000717377559457225,0.000176304654442877,0.000370847721414328,0,0.317591556830893,0.000492437138271485,0.0445503623364622,0.00268712611254316,0.00127668887700015,0.00150770876902874,0.00300933806721463,0.00183600019454307,0.0350116725840183,0.00282695394192889,0.000164145712757162,0.0164328096882447
"Station_B5_1",0.00051136840659131,0.00410621198128544,0,0.000778501156303188,0.00027476511398936,0.00051136840659131,0.00103800154173758,0.000595324413643614,0.00476259530914892,0.00132039902000443,0.454118042145916,0.00460231565932179,0,0.00037398584959663,0.00773921737736699,0.00976179391089978,0.00337350501064715,0.00406041779562055,0.000290029842544325,0.0169743781531205,0.00227444455468971,0,0.00013738255699468,0,0.000396882942429076,0.00173254669098847,0.00315979881087765,0.000793765884858153,0.00177834087665336,0,6.86912784973401e-05,0,0.000290029842544325,0.00675464238557178,0.0263927156715336,0.00237366529029698,0.0141885651918395,0.00349562283908686,0.0252173315728013,0,0.029422764289694,0.00216759145480495,0.00246525366162676,0.00673174529273933,0.00222101800474733,0.00826585051251326,0.000702177513528366,0.000282397478266843,0.0292090580899245,0.000465574220926416,0,0.209485502324055,0.000251868021156914,0.0312468993520123,0.00139672266277925,0.00280107768983598,0.00078613352058067,0.00167912014104609,0.00102273681318262,0.0269804077208997,0.00161806122682623,0,0.0230650048465513
"Station_B5_2",0.000437814872139558,0.00331136037097102,0,0.00114078523022279,0.00025282267264397,0.000499478938638087,0.000783133644531322,0.000419315652189999,0.00606774414345528,0.00105445553712485,0.446669832088747,0.00492079250658264,0,0.000456314092089117,0.00654872386214381,0.00953326468067263,0.00397116588250529,0.00425482058839852,0.000166492979546029,0.0169576182870956,0.00250356109984029,0,0.00014799375959647,3.08320332492647e-05,0.000474813312038676,0.00159709932231191,0.00274405095918455,0.000696803951433381,0.001886920434855,0.000271321892593529,3.08320332492647e-05,0,0.000332985959092058,0.00748601767292146,0.0237098335686845,0.00215824232744853,0.0131899438240354,0.00381083930960911,0.0242463109472217,0,0.029981069131585,0.00224457202054647,0.00238639937349308,0.0059999136703069,0.0021089110742497,0.00740585438647337,0.000598141445035734,0.000258989079293823,0.0270828580061541,0.000665971918184117,0,0.225012178653133,0.000363817992341323,0.0299625699116354,0.00110378679032367,0.00298454081852882,0.00118395007677176,0.00143677274941573,0.00117778367012191,0.0260284024690292,0.0016895954220597,0,0.022599880371711
"Station_B5_3",0.000490149999328562,0.00404205889857252,0,0.000879584245370433,0.000154430821706259,0.000624437670377483,0.000812440409845972,0.000490149999328562,0.00568036848536936,0.00118844588878295,0.417654800112802,0.00489478560973317,0,0.000470006848671223,0.00873541300173231,0.00895698765896303,0.00451878013079619,0.00419648972027878,0.000235003424335612,0.0181892650435763,0.00250446506506238,0,0.000154430821706259,0,0.000389434246041871,0.00181288355916043,0.0031356171189923,0.000772154108531296,0.00149730753219547,0,6.04294519720144e-05,0,0.00028871849275518,0.00627794862153706,0.0244336417473512,0.00264546711966374,0.0153960814857588,0.00382719862489425,0.0238763479124982,3.35719177622302e-05,0.0330750533793492,0.00203445821639115,0.00253803698282461,0.00633166368995663,0.00214860273678274,0.00963514039776008,0.000644580821034821,0.000194717123020935,0.0305974458484966,0.000490149999328562,0,0.238219614057233,0.00022157465723072,0.0314837444774195,0.00122873219009763,0.00257832328413928,0.000960156847999785,0.00143687808022345,0.00124216095720252,0.0253602266775887,0.00187331301113245,0,0.0252125102394349
