"","SampleID","Acetobacterium","Acidiferrobacter","Acidihalobacter","Acidimicrobium","Acidithiobacillus","Acinetobacter","Aequorivita","Agarilytica","Alcanivorax","Algibacter","Aliivibrio","Alistipes","Alloprevotella","Anaerococcus","Anaerocolumna","Anaerohalosphaera","Anaerotignum","Aquaspirillum","Aquicella","Aquimarina","Arcobacter","Arcticibacterium","Azotobacter","Bacteroides","Bdellovibrio","Beggiatoa","Bermanella","Bifidobacterium","Blautia","Borreliella","Brachyspira","Caminibacter","Candidatus Aquiluna","Candidatus Carsonella","Candidatus Endolissoclinum","Candidatus Fokinia","Candidatus Hepatoplasma","Candidatus Izimaplasma","Candidatus Kuenenia","Candidatus Mancarchaeum","Candidatus Nardonella","Candidatus Nasuia","Candidatus Nitrosotenuis","Candidatus Nitrotoga","Candidatus Nucleicultrix","Candidatus Pelagibacter","Candidatus Phycorickettsia","Candidatus Puniceispirillum","Candidatus Reidiella","Candidatus Ruthia","Candidatus Solibacter","Candidatus Thioglobus","Christensenella","Clostridium","Colwellia","Conexibacter","Coraliomargarita","Coxiella","Cryobacterium","Cutibacterium","Cycloclasticus","Defluviicoccus","Desulfobacula","Desulfocapsa","Desulfopila","Desulfovibrio","Devosia","Dokdonia","Draconibacterium","Duncaniella","Egicoccus","Elusimicrobium","Emcibacter","Entomomonas","Escherichia","Ethanoligenens","Faecalibacterium","Faecalibaculum","Fastidiosipila","Ferrovibrio","Filifactor","Filomicrobium","Flammeovirga","Flavivirga","Flavobacterium","Flavonifractor","Flintibacter","Fluviicola","Formosa","Francisella","Fuerstia","Fusobacterium","Gemmatimonas","Geoalkalibacter","Glaciecola","Granulicella","Granulosicoccus","Gudongella","Haematospirillum","Hahella","Haliangium","Halioglobus","Haliscomenobacter","Halobacteriovorax","Halocynthiibacter","Halomonas","Hungatella","Hydrogenophaga","Hypericibacter","Hyphomicrobium","Ilumatobacter","Intestinimonas","Jannaschia","Kangiella","Kineobactrum","Klebsiella","Kordia","Labilibaculum","Lachnoclostridium","Lacinutrix","Lacrimispora","Lactobacillus","Lawsonella","Legionella","Lentilitoribacter","Listeria","Litorilituus","Luteitalea","Luteolibacter","Lutibacter","Magnetococcus","Magnetospira","Malaciobacter","Maribacter","Maribius","Mariniblastus","Marinomonas","Mariprofundus","Marivirga","Massilistercora","Mediterraneibacter","Methylacidiphilum","Methylobacterium","Methylomicrobium","Methylomonas","Methylophaga","Methylophilus","Micavibrio","Microbulbifer","Microterricola","Monaibacterium","Moritella","Mucilaginibacter","Muribaculum","Mycoplasma","Nakamurella","Neorickettsia","Neptunomonas","Nitrosomonas","Nitrosopumilus","Nonlabens","Nordella","Oblitimonas","Oceanicoccus","Octadecabacter","Oleiphilus","Oleispira","Orientia","Owenweeksia","Parabacteroides","Parachlamydia","Paraglaciecola","Paraoceanicella","Pelolinea","Peptacetobacter","Peptoclostridium","Permianibacter","Petrocella","Phocaeicola","Phycisphaera","Pirellula","Planktomarina","Polaribacter","Polaromonas","Poseidonibacter","Prevotella","Pseudarthrobacter","Pseudoalteromonas","Pseudoclostridium","Pseudohalocynthiibacter","Pseudohongiella","Pseudomonas","Psychrobacter","Psychromonas","Pyruvatibacter","Ralstonia","Reinekea","Rhodanobacter","Rhodobacter","Rhodomicrobium","Rhodopirellula","Rickettsia","Roseobacter","Ruminococcus","Ruthenibacterium","Salinibacterium","Salinivirga","Salipiger","Saprospira","Sedimenticola","Seonamhaeicola","Shewanella","Shigella","Simkania","Spartinivicinus","Sphingomonas","Spongiibacter","Steroidobacter","Streptomyces","Sulfitobacter","Sulfuritortus","Sulfurivermis","Sulfurovum","Sutterella","Tatlockia","Tenacibaculum","Tepidiforma","Terasakiella","Terricaulis","Thalassotalea","Thermacetogenium","Thermoanaerosceptrum","Thermogutta","Thermosediminibacter","Thiospirochaeta","Treponema","Truepera","Turneriella","Unclassified","Undibacterium","Urechidicola","Variovorax","Veillonella","Vibrio","Wenzhouxiangella","Winogradskyella","Woeseia","Wolbachia","Yoonia","Zhongshania"
"1","20ppt3C_1",0,0.000436126158334854,0,0,0,0,0,0,0,0,0,0,0,0.0356377375096481,0,0,0,0,0,0,0,0,0.00113877385787434,0,0,0,0,0,0,0,0,0,0,0.0489915051196153,0,0,0.00130837847500456,0,0,0,0,0.137670490647702,0,0,0,0.0314010834001095,0,0,0,0,0,0.00755952007780413,0,0,0.0118312808343087,0,0,0,0,0,0,0,0,0,0,0,0,0,0,0,0,0.0015991292472278,0,0,0,0,0,0,0,0,0,0,0,0,0,0,0,0.0138833493736595,0.000654189237502281,0,0,0,0,0,0.0607063383171098,0,0,0,0,0,0,0,0.00145375386111618,0,0,0,0,0,0,0,0,0,0,0,0,0,0.00203525540556265,0.000508813851390663,0,0,0,0,0,0,0,0.000193833848148824,0,0,0,0,0,0.000218063079167427,0,0,0,0,0.0954389409822772,0,0,0,0,0,0,0,0,0.00072687693055809,0,0,0,0,0,0,0,0,0,0,0,0.00200618032834033,0,0,0.000629960006483678,0,0,0.00188988001945103,0.00610576621668796,0.001977105251118,0,0,0.0147556016903292,0,0,0.0201829494384963,0,0,0,0,0,0.00040705108111253,0,0,0,0.00872252316669708,0.330372172910748,0,3.63438465279045e-05,0,0,0,0,0,0.00072687693055809,0.00130837847500456,0,0,0,0,0,0,0,0,0,0,0.00072687693055809,0,0,0,0,0,0.000581501544446472,0,0,0,0,0,0,0,0,0,0,0.0861591455021523,0,0.000436126158334854,0,0,0,0.00329517541853001,0,0,0.000290750772223236,0,0,0,0,0,0,0,0,0,0.0599631155744463,0,0,0,0,0,0,0.000799564623613899,0,0.00523351390001825,0,0
"2","20ppt3C_2",0.0013668766418937,0.000899260948614277,0,0,0,0,0,0,0,2.24815237153569e-05,0,0.00237486641429498,0,0.0208885471778116,0.000119901459815237,0,0,0,0,0,0,0,0.00038967974439952,0.000125896532805999,0,4.49630474307139e-05,0,0.000629482664029994,0.000154159019762447,0,0,0,0,0.040376816592781,0,0,0.000629482664029994,0,0,0,0,0.0850700857389106,0,0,0,0.0208628540078512,0,0,0,0,0,0.0058451961659928,0.000344716696968806,0,0.00737284177992081,0,0,0,0,0,0,0,0,0,0,0.000287763503556569,0,0,0,0.0194914810612145,0,0.00188844799208998,0,2.24815237153569e-05,0,0,0,0.00921100143080624,0.000269778284584283,0,0.000269778284584283,0,0,0,0,0.000539556569168566,0.000359704379445711,0.00773364415808278,0.000674445711460708,0,0,0,0,0,0.037012081876716,0,0,0,0,0,0,0,0.000494593521737852,0,0,0,0.000247296760868926,0,0,0,0,0.000269778284584283,0,0,0,1.12407618576785e-05,0.00152874361264427,0.000254790602107378,3.37222855730354e-05,0,0.000224815237153569,0,0,0,0.000224815237153569,0,0,0,0,0,0,0,0,0,0,0,0.0659270682952842,0,0,0.000404667426876425,3.59704379445711e-05,0,0,0,0,0.000149876824769046,0,0,0,0,0,0,0,0.0217845964801809,0.00296756113042711,0,0,0.00147478795572741,0,0,0.000689433393937612,0,0,0.00125896532805999,0.00339920638576197,0.00107911313833713,0.000611497445057708,0,0.00719408758891422,0.000141312434782244,0,0.0144181505427822,0,0,0,0,0,0.000125896532805999,0.000344716696968806,0,0,0.0061599374980078,0.257923195439401,0,2.24815237153569e-05,0.00518515796865505,0,0,0.000764371806322135,0,0.000269778284584283,0.000951717837283443,0,0,0,0,0,0,0,0,0,0,0,0.00164115123122106,0.000134889142292142,0,0,0,0.000599507299076185,0,0.000359704379445711,0,0,0,0,0,0,0,0,0.0532062727930114,0,0.000224815237153569,0,0.000115619264821836,0,0.00236805383135093,0,0,0.000134889142292142,0,0,0.00016186697075057,0,0,0,0.0009741993609988,0,0,0.27413577573467,0,0,0,0,0,0,0.00058451961659928,0,0.00350711769959568,0,0
"3","20ppt3C_3",0,0,0,0,0,0,0,0,0,0,0,0,0,0.0234056107716952,0,0,0,0,0,0,0,0,0.0019980399439252,0,0,0,0,0,0,0,0,0,0,0.0659353181495315,0,0,0.00777015533748688,0,0,0,0,0.174717492874348,0,0,0,0.0488409764070604,0,0,0,0,0,0.0277505547767389,0,0,0.00242971524045225,0,0,0,0,0,0,0,0,0,0,0,0,0,0,0,0,0.000444008876427822,0,0.000222004438213911,0,0,0,0,0,0,0,0,0,0.000999019971962599,0,0,0,0.0128762574164068,0.000777015533748688,0,0,0,0,0,0.104564090398752,0,0,0,0,0,0,0,0.00177603550571129,0,0,0,0,0,0,0,0,0,0,0,0,0,0.00399607988785039,0.000148002958809274,0,0,0,0,0,0,0,0,0,0,0,0,0,0.000333006657320866,0,0,0,0,0.106173622575803,0,0,0,0,0,0,0,0,0.000592011835237095,0,0,0,0,0,0,0,0,0,0,0.014874297360332,0.000710414202284515,0,0,0,0,0,0.000555011095534777,0.0019980399439252,0,8.88017752855643e-05,0,0.0184263683717546,0,0,0.0222374445610934,0,0,0,0,0,0,0,0,0,0.0114332285680164,0.231042037071383,0,0,0,0,0,0,0,0.00155403106749738,0.00166503328660433,0,0.000111002219106955,0,0,0,0,0,0,0,0,0.00111002219106955,0,0,0,0,0,0.00133202662928346,0,0,0,0,0,0.00172053439615781,0,0,0,0,0.0205724112744891,0,0.00133202662928346,0,0,0,0.00214604290273447,0,0,0.000333006657320866,0,0,0,0,0.000444008876427822,0,0,0,0,0.0792331647336507,0,0,0,0,0,0,0,0,0.00133202662928346,0,0
"4","35ppt0C_1",0,0,0,0,0,0,0,0,0,0,0,0,0,0.021555824505952,0,0,0,0,0,0,0,0,0.0022760477408609,0,0,0,0,0,0,0,0,0,0,0.0682814322258271,0,0,0.00649233290016061,0,0,0,0,0.124025945747896,0,0,0,0.0519386632012849,0,0,0,0,0,0.0378346296595566,0,0,0.0026864825793768,0,0,0,0,0,0,0,0,0,0,0,0,0,0,0,0,0,0,0,0,0,0,0,0,0,0,0,0,0.0016790516121105,0,0,0,0.00839525806055251,0.000783557418984901,0,0,0,0,0,0.113932979946209,0,0,0,0,0,0,0,0.0013432412896884,0,0,0,0,0,0,0,0,0,0,0,0,0,0.00388047483687761,0.000410434838515901,0,0,0,0,0,0,0,0,0,0,0,0,0,0.000783557418984901,0,0,0,0,0.123310349941782,0,0,0,0,0,0,0,0,0.0017163638701574,0,0,0,0,0,0,0,0,0,0,0.0127607922520398,0.000940268902781881,0,0,0,0,0,0.000447747096562801,0,0.00035819767725024,0.0002238735482814,0,0.0188053780556376,0,0,0.0154472748314166,0,0,0,0,0,0,0,0,0,0.0114175509623514,0.237961300110526,0,0,0,0,0,0,0,0.0021267987086733,0.00218276709574365,0,0,0,0,0,0,0,0,0,0,0,0,0,0,0,0,0.000596996128750401,0,0.0015671148379698,0,0,0,0.00229470386988435,0,0,0,0,0.0198501212809508,0,0.0034700399983617,0,0,0,0.00395509935297141,0,0,0.0002238735482814,0,0,0,0,7.46245160938001e-05,0,0,0,0,0.093297228785849,0,0,0,0,0,0,0,0,0.000671620644844201,0,0
"5","35ppt0C_2",0,0.000997744173234421,0,0,0.000124718021654303,0,0,0,0,0,0,0,0,0.0174605230316024,0,0,0,0,0,0,0,0,0.00286851449804896,0,0,0,0,0,0,0,0,0,0,0.0528804411814243,0,0,0.00324266856301187,0,0,0,0,0.0850576907682344,0,0,0,0.0456467959254748,0,0,0,0,0,0.0446490517522404,0,0,0.00424041273624629,0,0,0,0,0,0,0,0,0,0,0,0,0,0,0,0,0,0,0.000436513075790059,0,0,0,0,0,0,0,0,0,0.00386625867128338,0,0,0,0.0117234940355045,0,0,0,0,0,0,0.0490765415209681,0,0,0,0,0,0,0,0.00174605230316024,0,0,0,0,0,0,0,0,0,0.00149661625985163,0,0.000249436043308605,0,0.00465613947509397,0.000249436043308605,0,0,0,0,0,0,0,0,0,0,0,0,0,0.000498872086617211,0,0,0,0,0.167937270372578,0,0,0,0,0,0,0,0,0.0016629069553907,0,0,0,0,0,0,0,0,0,0,0.0169616509449852,0.00174605230316024,0,0,0,0,0,0.000498872086617211,0.00224492438977745,0.000748308129925816,0.000199548834646884,0,0.0274379647639466,0,0,0.0198301654430341,0,0,0,0,0,0,0,0,0,0.0167122149016766,0.261241170958284,0,0,0,0,0,0,0,0.00249436043308605,0.00224492438977745,0,0,0,0,0,0,0,0,0,0,0,0,0,0,0,0,0.00133032556431256,0,0.00162133428150593,0,0,0,0.0024320014222589,0,0,0,0,0.0363345169752868,0,0.00386625867128338,0,0,0,0.00424041273624629,0,0,0.000249436043308605,0,0,0,0,0.000498872086617211,0,0,0,0,0.0938042267131504,0,0,0,0,0,0,0,0,0.00249436043308605,0,0
"6","35ppt0C_3",0,0.000590541479266463,0,0,0,0,0,0,0,0,0,0,0,0.035601214892921,0,0,0,0,0,0,0,0,0.00147635369816616,0,0,0,0,0,0,0,0,0,0,0.0543298160925146,0,0,0.00132871832834954,0,0,0,0,0.135972175601103,0,0,0,0.0249503774990081,0,0,0,0,0,0.00811994533991386,0,0,0.0114903400566394,0,0,0,0,0,0,0,0,0,0,0,0,0,0,0,0,0.0028050720265157,0,0,0,0,0,0,0,0,0,0,0,0.000664359164174771,0,0,0,0.0103344758871631,0.000516723794358155,0,0,0,0,0,0.0589311184517991,0,0,0,0,0,0,0,0.00199307749252431,0,0,0,0,0,0,0,0,0,0.000885812218899694,0,0,0,0.00196847159755488,0.000565935584297027,0,0,0,0,0,0,0,0.000177162443779939,0,0,0,0.000369088424541539,0,0,0,0,0,0,0.0928811020358783,0,0,0,0,0,0,0,4.92117899388719e-05,0.000393694319510975,0,0,0,0,0,0,0,0,0,0,0,0.00168304321590942,0,0,0.000984235798777438,0,0,0.00155017138307446,0.00779514752631731,0.00156493492005613,0.000265743665669908,0,0.0148373546665699,0,0,0.0197339277654876,0,0,0,0,0,0.000413379035486524,0,0,0,0.0120322826400542,0.337396548028493,0,0,0,0,0,0,0,0.000664359164174771,0.00120217372564958,0,0,0,0,0,0,0,0,0,0,0,0,0,0,0,0,0.000344482529572103,0,0.000442906109449847,0,0,0,0,0,0,0,0,0.0857269380735148,0,0.000295270739633231,0,0,0,0.00374009603535426,0,0,0.000442906109449847,0,0,0,0,0,0,0,0,0,0.0589460617728888,0,0,0,0,0,0,0,0,0.00354324887559878,0,0
"7","50ppt-3C_1",0,0.000749852821303576,0,0,0,2.67804579036992e-05,0,0,0,0,0,0,0,0.00251736304294772,0,0,0,0,0,0,0,0,0,0,0,0,0,0,0,0,0,0,0,0.0164967620686787,0,0,0,0,0,0,0,0.0348681561906163,0,0,0.00103104762929242,0.047803117358103,0,0,0,0,0,0.0373051778598529,0,0,0.00344002993021107,0,0,0,0,0,0.000749852821303576,0,9.37316026629471e-05,0,0,0,0,0,0,0,0,0.000187463205325894,0,0,0.000535609158073983,0,0,0,0,0,0,0,0,0.00178090045059599,0.000124975470217263,0,0,0.00431165372249556,0,0,0,0,0,0,0.0399452846681926,0,0,0,0,0.000487404333847325,0,0,0.00131224243728126,0,0,0,0,0,0,0,0,0,0,0,0,0,0.00362428863630062,0,0,0,0,0,0,0,0,0,0,0,0,0,0,0.000468658013314735,0,0,0,0,0.0815464943167639,0,0,0,0,0,0,0,0,0.00143721790749852,0,0,0,0,0,0,0,0,0,0,0.00131224243728126,0.00063737489810804,0,0.000374926410651788,0,0,0,9.37316026629471e-05,0.00686115331492772,0.000562389615977682,0.00119976451408572,0,0.014247203604768,0,0,0.0394297608535464,0,0,0,0,0,0,0,0,0,0.0202460261751966,0.539678164617291,0,0,0,0,0.000328060609320315,0,0,0.00309314288787725,0.00182776625192747,0,9.37316026629471e-05,0,0.00181214431815031,0,0,0,0,0,0,0.00112477923195536,0,0,0,0,0,0.00112477923195536,0,0,0,0,0,0.00328060609320315,0,0,0,0,0.0309314288787725,0,0.00243702166923662,0,0,0,0.000874828291520839,0,0,0.000937316026629471,0,0,0,0,0,0,0,0,0,0.044866692308912,0,0,0,0,0,0,0.000468658013314735,0,0.000749852821303576,0.000562389615977682,0
"8","50ppt-3C_2",0,0.0011212331319353,0,0,0,0,0,0,0,0,0,0,0,0.0114525955619106,0,0,0,0.000130810532059119,0,0,0,0,0.0035505715844618,0,0,0,0.000124581459103923,0,0,0,0,0,0,0.0212099934124428,0,0,0,0,0,0,0,0.0327960691091077,0,0,0,0.0271899034494311,0,0,0,0,0,0.0101845342817457,0,0,0.00953387224504402,0,0.000140154141491913,0,0,0,0,0,0,0,0,0,0,0,0,0,0,0.00327026330147797,0,0.000186872188655884,0,0,0,0,0,0,0,0,0,0.000654052660295594,0,0,0,0.0138752600076994,0.000747488754623536,0,0,0,0,0,0.017791789628279,0,0,0,0,0.00011212331319353,0,0,0.00102779703760736,0,0,0,0,0,0,0,0,0,0.00186872188655884,0,0,0,0.0027407921002863,0.000700770707459565,0,0,0,0,0,0,0,0.000128140929364035,0,0,0,0,0,0.000186872188655884,0,0,0,0,0.150330333265237,0,0,0,0,0,0,0,0,0.000778634119399517,0,0,0,0,0,0,0,0,0,0,9.3436094327942e-05,0.00222377904500502,0,0.000280308282983826,0.00109008776715932,0,0,0.00313010915998606,0.014800277341546,0.00222377904500502,0.000280308282983826,0,0.0194814256673759,0,0,0.0265669961539115,0,0,0,0,0,7.47488754623536e-05,0,0,0,0.030600320892401,0.351636722214541,0,0,0,0,0,0,0,0.00154169555641104,0.00126138727342722,0,0,0,0,0,0,0,0,0,0,0.000840924848951478,0,0,0,0,0,0.000685198025071575,0,0.000513898518803681,0,0,0,0,0,0,0,0,0.150650129421419,0,0.000373744377311768,0,0,0,0.00535700274146868,0,0,0.000140154141491913,0,0,0,0,0,0,0,0,0,0.06880660571008,0,0,0,0,0,0,0.000747488754623536,0,0.00476524081072504,0,0
"9","50ppt-3C_3",0,0.00120540214536797,0,0,0,0,0,0,0,0,0,0,0,0.00493640878579266,0,0,0,0,0,0,0,0,0.00100450178780665,0,0,0,0,0.000167416964634441,0,0,0,0,0,0.0237062421922368,0,0,0.00133933571707553,0,0,0.000267867143415106,0,0.0555824322586344,0,0,0,0.0403140050839734,0,0,0,0,0,0.0476803515278888,0.000401800715122658,0,0.00401686241984447,0,0,0,0,0,0,0,0,0,0,0,0,0,0,0,0,0.000535734286830211,0,0,0,0,0,0,0,0.000200900357561329,0,0,0,0.00207597036146707,0,0,0,0.0059600439409861,0.00133933571707553,0,0,0,0,0,0.0382603569844576,0,0,0,0,0,0,0.000468767500976435,0.00147326928878308,0,0,0,0,0,0,0,0,0,0,0,0,0,0.00236615976683343,0.000491089762927694,0,0,0,0,0,0,0,0.000334833929268882,0,0,0,0,0,0.000803601430245317,0,0,0,0,0.137918095465852,0,0,0,0,0,0.000234383750488217,0,0,0.00160720286049063,0,0,0,0,0,0,0,0,0,0,0,0.000830388144586827,0,0,0.000446445239025176,0,0,0.000669667858537764,0.00433944772332471,0.00107146857366042,0.00107146857366042,0,0.0108486193083118,0,0,0.0438409224722723,0,0,0,0,0,0,0,0,0,0.0252464782668737,0.423012546006669,0,0,0,0,0.000267867143415106,0,0,0.00421890750878791,0.000837084823172205,0,0,0.000267867143415106,0,0,0,0,0,0,0,0.00241080429073595,0,0,0,0,0,0.00116075762146546,0,0.000535734286830211,0,0,0,0.00395104036537281,0,0,0.00107146857366042,0,0.0337066155464008,0,0.00408497393708036,0,0,0,0.00156255833658812,0,0,0.000468767500976435,0,0,0,0,0,0,0,0,6.69667858537764e-05,0.0570865356281605,0,0,0,0,0,0,0,0,0.00120540214536797,0.000803601430245317,0.000223222619512588
"10","Ev32Core_A",0,0.0179949022446513,0,0,0,0,0.00215692321425615,0.000164337006800468,0,0,0,0,0,0.0113040383963465,0,0,0,0,0,0.00291698187070831,0.000616263775501756,0,0.000513553146251463,0,0,0,0.000287589761900819,0,0,0,0,0,0,0.078265499488723,0,0,0,0,0,0,0,0.128799129079867,0,0,0,0.0176251439793502,0,0,0,0,0,0.0048068574489137,0,0,0.0370423581867184,0,0,0,0,0,0,0,0,0,1.84879132650527e-05,0,0,0,0,0,0.000184879132650527,0.000739516530602107,0,0,0,0,0,0,0,0,0,0,0,0,0,0,0,0.0294574084689839,0.00129415392855369,0.000205421258500585,0,0,0,0,0.0340177604076969,0,0.000246505510200702,0,0,0,0,0,0.0110927479590316,0.000493011020401405,0,0,0,0.000205421258500585,0,0,0.000184879132650527,0,0,0.00289643974485825,0,0,0.000739516530602107,0.00182824920065521,0,0,0,0,0,0,0,0.000105645218657444,0,0,0.00425222005096212,0,0,0,0,0,0,0,0.0459921079344602,0,0,0,0,0,0,8.21685034002341e-05,0,0.00377975115641077,0.00147903306120421,0,0,0,0,0.000246505510200702,0,0,0,0,0.000123252755100351,0.00443709918361264,0,0,0.00172553857140492,0,0,0.00591613224481686,0.0173539879181294,0.00276086171424787,0.00867699395906472,0,0.0153449680099937,0,0,0.027033437618677,0,0,0,0,0,0.00125717810202358,0,0,0,0.00573125311216633,0.20103383391221,0,0,0,0,0.00111883713367944,0,0,0.000739516530602107,0.000453394063404863,0,0,0,0,0.000271156061220773,0,0,0.00123252755100351,0,0.000476577319721358,0.00123252755100351,0,0,0,0,0,0.0155709313943444,0,0,0.00221854959180632,0,0,0,0,0.00536149484686528,0,0,0.0854552435362435,0,0.00184879132650527,0,0,0,0.0048068574489137,0,0,9.24395663252634e-05,0,0,0,0,0,0,0,0,0,0.116213261349641,0,0.00110927479590316,0,0,0,0,0.0230482652037657,0,0.00234180234690667,0.00166391219385474,0.00131469605440375
"11","Ev32Core_B",0,0.00396979565244349,0,0.000526117496106968,0,0,0.000334802042977162,0,0,0,0,0,0,0.000218646232148351,0,0,0,0.000363499360946633,0,0,0,0,0,0,0,0.00028697317969471,0.000127543635419871,0,0,0,0,0.000167401021488581,0,0.0515595146184829,0,0.00124355044534374,0.000765261812519227,0,0,0.000191315453129807,0,0.0548118773216896,0,0,0.000430459769542065,0.0736564494549756,0,0.000621775222671872,0,0,0,0.038645721532221,0.000414516815114581,2.94331466353549e-05,0.015306513495227,0,0.00220012771099278,0,0,0,0,0,0,0,0,0,0,0,0,0,0,0,0,0,0.00126602229019947,0,0,0,0,0.00334802042977162,0,0,0.000180686816844817,0.00382630906259613,4.78288632824517e-05,0,0,0.00808307789473433,0.00205664112114542,0,0.00057394635938942,0.000101284651656956,0,0,0.067135703701152,0,0.00105223499221394,0,0,0.00344367815633652,0,0,0.00980491697290259,0.000908748402366582,0,0,0,0,0,0,0.00028697317969471,0,0.000781204766946711,0.00143486589847355,0.000621775222671872,0,0.00596266495587898,0.00106817794664142,0,0,0,6.37718177099356e-05,0,0,0,0.000191315453129807,0,0,0.00157835248832091,0.000430459769542065,0,0.000655938696445052,0,0,0,0,0.0463154602456796,0,0,0,0,0,0,0,0.000637718177099356,0.00363499360946633,0,0,0,0,0,0,0,0,0,0,0.00726998721893265,0.00456528561619936,0,0.00124355044534374,0.0110325244638189,0,0.000348467432486434,0.00136964472127021,0.0721585894438861,0.00545711901387199,0.00717432949236775,0.00153052362503845,0.0216186462036682,0,0,0.0710034318077876,0,0,0,0.000136653895092719,0,0.000248710089068749,0,0,0,0.0279227236958235,0.152312319546511,0,0,0,0,0.00402958173154655,0,0.00382630906259613,0.00220012771099278,0,0.000159429544274839,0.000401762451572594,0.000621775222671872,0.00609020859129885,0.000650472540641343,0,0,0,0,0,0.00306104725007691,0,0,0,0,0,0.00283784588809213,6.37718177099356e-05,0.00143486589847355,0,0,0,0.00173635948388731,0,0,0.000478288632824517,0,0.0184938271358813,0,0.00312863248388012,0,0,0,0.000892805447939098,0,0,0.00239144316412258,0,0,0,0,0.00086091953908413,1.36653895092719e-05,0,0,0,0.135048114861477,0.000327969348222526,0,0,0,0,0,0.0101875478791622,0,0.00133920817190865,0.0010861780564789,0.0018812686224431
"12","Ev32Core_C",0,0.0124557297938705,0,0,0,0,0,0,0,0,0,0,0,0.00186514370407355,0,0,0,0,0,0,0,0.000862896943551267,0,0,0.000187586292076362,0,0.000125057528050908,0,0,0,0,0,0,0.0222102169818413,0,0.00015006903366109,0,0,0,0.00120055226928872,0.000225103550491635,0.0430698126607328,0,0,0,0.0200342159937555,0.00015006903366109,0,0,0,0,0.0140314546473119,0,0,0.0512159850798258,0,0.010467315097861,0,0,0,0,0,0,0,0,0,0,0,0,0,0.00045020710098327,0.000225103550491635,0,0,0,0,0,0,0,0,0,0,0,0.00060027613464436,0.000200092044881453,0,0,0.0247613905540798,0.00382676035835779,0.000182949327553127,0.00030013806732218,0,0,0,0.0442916732758205,0,0.000500230112203633,1.87586292076362e-05,0,0,0,0.00180082840393308,0.0264496671827671,0.00030013806732218,0,0.00019033145732626,0,0.000337655325737452,0,0,0,0,0.00180916557246981,0.000514522401123737,0,0,0.00187586292076362,0.00391430062799343,0,0.000637793393059632,0,0,0,0,0,0,0,0,0.0227729758580704,0.00525241617813815,0,9.64729502107007e-05,0,0.00307641519005234,0,0,0.0378727642746336,0,0,0,0,0,0,0,0.00060027613464436,0.0133061209846166,0.000525241617813815,0,0,0,0,0,0,0,0,0,0.00210096647125526,0.0125914711159126,0,0.00060027613464436,0.00310142669566253,0,0,0.00744888112535956,0.0356066234013435,0.00457129640277959,0.0242511558396321,0,0.0223227687570871,0,0,0.092696919258145,0,0,0,0,0,0.00159073175680755,0,0,0,0.00658839659975517,0.128013888014032,0,0,0,0,0.00302246919586605,0,0.00330151874054398,0.00142565581978035,0,6.43153001404671e-05,0.000742841716622395,7.5034516830545e-05,0,0.000165075937027199,0,0.000184175632220429,0.00090041420196654,0,0.000480220907715488,0.0030013806732218,0,0,0,2.50115056101817e-05,0.000525241617813815,0.0143315927146341,0,0.000187586292076362,0.000775356673915632,0,0,0.000646611377627313,0,0.0040893811672647,0.00090041420196654,0,0.128834265398046,0,0.00110720396410676,0,0,0,0.000275126561711998,0,0,0.00075034516830545,0,0,0,0,0.000100046022440727,0,0,0,0,0.100622080088466,0,0.0010880004940429,0,0,0,0,0.00626538215535051,0,0.000825379685135995,0.000232364955346204,0.00862896943551267
"13","Ev37Core_A",0,0.0131696492256455,0,0,0,0,0,0,0.000110147613657315,0,0,0,0,0.000629414935184655,0,0,0,0.000110147613657315,0,0.00378173473556781,0.000947269477452906,0,0,0,0,0,0.000330442840971944,0,0,0.00014686348487642,0,0,0,0.0928544383131163,0,0.000440590454629259,0,0,0,0,0,0.136252598094098,0,0,0.000110147613657315,0.00308413318240481,0,0,0,0,0,0.000550738068286574,0,0,0.0521049405707971,0,0.000936254716087175,0,0,0,0,0,0,0,0,0,0,0.000183579356095525,0,0,0.000991328522915832,0,0,0,0,0,0,0,0,0,0,0,0,0,5.50738068286574e-05,0,0,0.0400386575644339,0,0.000220295227314629,0,0,0,0,0.0469262698333227,0,0,0,0,0,0,0.00165221420485972,0.0168525848895692,0.00137684517071643,0,0,0,0,0,0,0.000110147613657315,0,0,0.000236030600694246,0.000385516647800601,0,0,0.00124833962144957,0,0,0,0,0,0.00014686348487642,0,0,0,0,0.00583782352383768,0.000881180909258518,0,0,0.000172297943151107,0,0,0.000220295227314629,0.0215052624549209,0,0,0,0,0,0,0,0,0.00796734405454576,0.00201937291705077,0.000110147613657315,0,0,0,0.000270362324431591,0,0,0,0,0,0.0055612675542024,0,0,0,0,0,0.00821100392718164,0.00967149778454471,0.000710274450648297,0.0159934335030421,0,0.0180642086397996,0,0,0.0244697160186404,0,0,0,0,0,0.00222498179587776,0,0,0,0,0.109779119822534,0,0,0,0,0.00122528087010153,0,0,0,0.000396531409166333,0,6.60885681943888e-05,0,0,0,0,0,0.0025884689209469,0,0,0,0,0,0,0,0,0.0275001875431096,0,0,0.00403874583410154,0,0,0,0,0.0110698351725601,0,0,0.0944699366467569,0,0,0,0,0,0.00626840055904355,0,0,0,0,0,0,0,0,0,0.000183579356095525,0,0,0.15824299073628,0,0,0,0,0.000127913357795591,0,0.0417459455761223,0,0.000330442840971944,0,0.00209280465948898
"14","EvXCore_A",0,0.0229827624185652,0,0,0,0,0,0,0,0,0,0,0,0,0,0,0,0,0,0.000321641713236917,0,0.00065790350434824,0.000131580700869648,0,0,0,0.00128656685294767,0,0,0,0,0,0,0.0354390687675585,0,0.000350881868985728,0,0,0,0.00043860233623216,0,0.0221932782133473,0,0,0.000131580700869648,0.000614043270725024,0.000701763737971456,0,0,0,0,0,0,0,0.042809194618223,0,0.00105264560695718,0,0,0,0,0,0,0,0,0,0,0,0,0,0.00105264560695718,0,0,0,0,0,0,0,0,0,0,0,0,0,0,0,0,0.0230704828858116,0.0035526789234805,0,0,0,0,0,0.0337577598120019,0,0.000789484205217888,0,0,0,0,0.00324565728811798,0.0587727130551094,0.000482462569855376,0,0,0,0,0,0,0.00021930116811608,0,0.00745623971594672,0,0.00114036607420362,0,0.00754396018319315,0.00422520250570314,0,0,0,0,0,0.000233921245990485,0,0,0.000298249588637869,0,0.00526322803478592,0.00342109822261085,0,0,0,0.00649131457623597,0.000833344438841104,0,0.00470401005608992,0.000175440934492864,0,0,0,0,0,0,0,0.0110235387173016,0.00105264560695718,0.000789484205217888,6.41857077412917e-05,0,0,0,0,0,0,0,0,0.00378952418504586,0,8.7720467246432e-05,0.00561410990377165,0,0,0.0157458238707345,0.0563691722525572,0.00512287528719163,0.00312284863397298,0,0.0210090519055205,0,0,0.120253064532559,0,0,0,0,0,0.00157896841043578,0,0,0,0,0.124071828873353,0,0,0,0,0.000385429951096584,0,0,0.000175440934492864,0,0,0.000394742102608944,0,0,0,0,0,0.00833344438841104,0,0,0.0113159402747897,0,0,0,0,0.000701763737971456,0.0321641713236917,0,0,0,0,0,0,0,0.00214915144753758,0,0,0.118685792184422,0,0.000964925139710752,0,0,0,0,0,0,0,0,0,0,0,0,0,0,0,0,0.134982431593408,0,0.0013596672423197,0,0,0,0,0.0130264893860952,0,0,0,0.00982469233160038
"15","Hero_1",0,0,0,0.000435308628184843,0,0,0,0,0,0,4.21266414372429e-05,0,0,0.00136811283143808,0,0,0,0.000464329203397166,0,0,0,0,0,0,7.25514380308072e-05,0,0,0,0,0,0,0,0,0.0664571172362194,0,0.00116082300849292,0,0,0.000145102876061614,0,0,0.0584764590528306,0,0,0,0.159032752163529,0,0.00108827157046211,0.000870617256369687,0,0,0.113615551956244,0,0,0.00101023926835067,0,0,0,0,0,0,0,0,0,0.000120919063384679,0,0,0,0,0,0,0.000145102876061614,0.000145102876061614,0,0,0,0,0,0,0.00188633738880099,0,0,0,0.00631197510868023,0,0,0,0.00515115210018731,0,0,0.00130592588455453,0,0,0,0.106670101832007,0,0.00096735250707743,0,0,0.00435308628184843,0,0.00108827157046211,0.00166868307470857,0,0,0,0,0,0,0,0,0,0,0,0.000870617256369687,0,0.0111245538313904,0,0,0,0,0,0,0,0,0,0,0,0.00166868307470857,0,0,0.000932804203253236,0.000113488282953218,0,0.000736131663922337,0,0.0936555595741156,0,0,0,0,0,0,0,0.00217654314092422,0.00599758554388006,0,0,0,0,0,3.95735116531676e-05,0,0,0,0,0.0133494645976685,0.000240639360192699,0,0.00377267477760198,0,0,0,0,0.00413366242048697,0,0.000145102876061614,0,0.0156711106146544,0,4.83676253538715e-05,0.00486094634806408,0,0,0,0,0,0,0,0,0,0.0626844424586175,0.0951026234992073,0,0,0,0,0,0,0,0.0109552671426519,0.000610627982283465,0,0.000319226327335552,0.00079806581833888,0,0,0,0,0,0,0,0.000580411504246458,0,0,0,0,0,0.000580411504246458,0,0.0029746089592631,0,0,0,0.00359165143983849,0,0,0,0,0.0168319336231473,0,0.00400095567504279,0,0,0,0.0010157201324313,0,9.6735250707743e-05,0.00478839491003328,0,0,0,0,0.000483676253538715,0,0,0,0.000145102876061614,0.0962122111948155,0,0,0,0,0,0,0.000580411504246458,0,0.00116082300849292,0.00289581653731566,0
"16","Hero_2",0,0,0,0,0,0,0,0,0,0,0,0,0,0,0,0,0.000431091842894602,0,0.00183682611320309,0,0,0,0,0.00111958924995236,0,0,0,0,0,0,0.00717236863250729,0.000787211191372751,0.00616648766575322,0.0606152617357019,0,0,0,0.0026677712596521,0.000349871640610112,0,0,0.00940280034139675,0,0.00214296379873693,0.00745663934050301,0.0230477943251911,0,0,0,0,0.000677876303682091,0.0161815633782177,0,0.00253930276661558,0.00232032928321289,0.00712863467743103,0.00107148189936847,0,0.00174935820305056,0.000510229475889746,0,0,0,0,0,0,0.00332378058579606,0,0,0,0,0,0.00562418662280754,0,0.00696619427286205,0.00055396343096601,3.52693186098903e-05,0,0,0,0,0,0,0,0.00116623880203371,0,0,0.00341124849594859,0,0,0,0,0,0,0.00319257872056727,0.00730357049773608,0.00155984439772008,0,0.00221293812685896,0.000586034998021937,0,0.00100588096675407,0,0,0,0,0,0,0,0,0,0,0,0,0,0.000601341882298629,0,0.00309053282538932,0,0,0,0,0.00874679101525279,0,0,3.64449625635533e-05,0,0.00537927647438047,0,0,0,0,0,0,0,0,0.0154544863750748,0,0,0,0,0,0.0028062621173936,0,0,0.00365907424138075,0,0,0,0.002594881334525,0,0,0.00662569419405399,0,0,0.0012420443241659,0,0.00100588096675407,0,0,0,0.00422032666485947,0,0,0.30362735651247,0,0,0,0.00470140017069838,0,0,0.0187618667277172,0,0,0,0,0,0,0,0,0.00349871640610112,0.0196584128067807,0.0176422774777649,8.74679101525279e-05,0,0,0,0.00170076491963249,0,0,0.00994947477985005,0.00257155655848432,0,0,0,0.0232664641005724,0,0.00310511081041474,0,0,0,0,0,0.00286457405749529,0,0.00693183187958784,0,0,0,0,0.00255843637196144,0.000761980063444138,0,0,0.00323631267564353,0.010277479442922,0,0,0.000102045895177949,0.0186598208325393,0.00419845968732134,0,0,0,0.000816367161423594,0,0.000174935820305056,0,0,0,0,0,0,0,0,0,0,0,0.290734189587754,0,0,0,0,0,0,0,0,0,0,0.00233247760406741
"17","Hero_3",0,0,0,0,0,0,0,0,0,0,0,0,0,0,0,0,0,0.00262633966366724,0.00950030688393595,0,0,0,0,0,0,0,0,0,0,0,0,0.00183403607797991,0.0307384446669433,0.0062357226651317,0,0,0,0,0,0,0,0,0,0,0,0.0260433123073148,0,0,0,0,0,0.0234756617981429,0,0,0.00145907759092624,0,0,0.00983043337797233,0,0.00048907628746131,0,0,0,0,0,0,0,0,0,0,0,0,0,0,0.0134356242969729,0,0.00207068589449345,0,0,0,0,0,0,0,0,0,0,0.00546542751238014,0,0,0,0.000232311236544122,0.00616236122201251,0,0,0,0,0,0,0.00190739752109911,0.000550210823393974,0,0,0.00876669245274398,0,0,0,0,0,0,0.00146722886238393,0,0,0,0,0,0,0,0,0,0,0,0,0.00249428906605268,0,0,0,0,0,0,0,0,0,0,0,0,0.00942694544081675,0,0,0,0,0,0,0,0.00547765441956667,0,0,0,0,0,0,0,0,0,0,0,0,0.00201010354146598,0.0134985055339322,0,0,0,0,0,0.224361301491439,0,0,0,0.00311786133256585,0,0,0.0141343047076319,0,0,0,0,0.00608899977889331,0,0,0,0.011957915228429,0,0.0274665243038272,0,0,0,0.00427941751528646,0,0,0,0,0,0.00157727102706273,0.000300781916788706,0,0.0721142985861702,0.00305183603375858,0,0,0,0,0,0,0,0,0,0,0,0,0,0,0,0.00282965566316901,0.0201010354146598,0,0,0,0,0,0.0157727102706273,0.0104173249229259,0,0,0,0,0,0,0,0,0,0,0,0,0,0,0,0.00106374092522835,0.00333794566192344,0.370105519070108,0,0,0.0109308550247603,0.00658418951994789,0,0,0,0,0,0.00520866246146295,0
"18","Station_B1_2",0,0.000643320478660107,0,0.000459514627614362,0,0,0,0,0,0,0,0,2.04228723384161e-05,0.000525159574416414,0,0,0,0.000673954787167731,0,0,0,0,0,0,3.06343085076241e-05,0,0,0,0,0,0,0,0,0.0436232553148568,0,0.00116410372328972,0.000612686170152483,0,0,0.000183805851045745,0,0.0248137898911756,0.000551417553137235,3.74819774681519e-05,0.00156234973388883,0.221057170191016,0,0.00154046808495481,0,0,0,0.192996143598032,0,0,0.00106782567457772,0,0.00036761170209149,0,0,0,0.00122537234030497,0,0,0,0,0,0,0,3.06343085076241e-05,0,0,0.00128664095732021,0.000245074468060993,0.000134521644831281,0,0,0,0,0,0.00410499734002164,0,0,0,0.00655574202063157,0,0,0,0.00836316622258139,0.000183805851045745,0,0.000490148936121986,0,0,0,0.0183156978718294,0,0,0,0,0.000919029255228724,0,0.00263455053165568,0.00321660239330054,9.19029255228724e-05,0,0,0,0,0.000245074468060993,0.000612686170152483,0.000214440159553369,0,0.00102454742897721,0,0.000612686170152483,0,0.00925156116930249,0.000245074468060993,0,0,0,0,0,0,0,0.000122537234030497,0,0,0.000704589095675355,9.19029255228724e-05,0.00171552127642695,0.00154856756097815,0,0.000336977393583866,0.00167367929407508,0,0.0573734009415868,0,0,0,0,0,0,0,0.0036761170209149,0.00528952393564977,0,0,0.00036761170209149,0,0,0,0,0,0,0,0.0384154228685607,0.000451591961621011,0.000122537234030497,0.0159298404239646,0.000204228723384161,0,0,0.00055559495884282,0.00363427503856302,0.000426903912106246,0.000122537234030497,0,0.0216278218063826,0,0,0.0114305245487935,0,0,0,0,0,0,0,0,0,0.0448306953770109,0.0488580659470601,0,0,0,0,0,0,0,0.0183805851045745,0,0,8.57760638213476e-05,0.00156234973388883,0,0,0,0,0,0.000122537234030497,0,0.000551417553137235,0,0,0,0,0,0.00093945212756714,0,0.000704589095675355,0,0,0,0.0050888619924727,0,0,0.000588178723346384,0,0.0140713590411687,0,0.00582328183754075,0,0,0,0.00128664095732021,0,0,0.00753603989287554,0,0,0,0,0.000959874999905556,0,0,3.06343085076241e-05,0.000275708776568617,0.12245870117506,0,0,0,0,0,0,0.000551417553137235,0,0.00300216223374717,0.00406516390136945,0.00046972606378357
"19","Station_B1_3",0,0.000912781632896725,0,0.000513439668504408,0,0,0,0,0,0,1.42622130140113e-05,0,0,0.000603087864592479,0,0,0,0.000798683928784634,0,0,0,0,0,0,5.70488520560453e-05,0,0,0,1.42622130140113e-05,0,0,0,0,0.047921035727078,0,0.00171146556168136,0.000456390816448362,0,0,0,0,0.0383368285816624,0.000684586224672543,0,0.00202523424798961,0.159508590348703,0,0.00279539375074622,0,0,0,0.1967614907413,0,0,0.00107807702475142,0,2.85244260280226e-05,0,0,0,0.00142622130140113,0,0,0,0,0,0,0,0,0,0,0.00136917244934509,0.000285244260280226,0,0,0,0,0,0,0.00142622130140113,0,0.000285244260280226,0,0.00778716830565018,0,0,0,0.00887109649471504,0.000798683928784634,0,0.000342293112336272,0,0,0,0.0100881386719107,0,0.000665569940653862,0,0,0.00023960517863539,0,0.00290949145485831,0.00345145554939074,0.000171146556168136,0,0,0,0,0,0,0,0,0.00353702882747481,0,0.00102687933700882,0,0.0109914121627981,0.000228195408224181,0,0,0,0,0,0,0,0.00010458956210275,0,0,0.000570488520560453,0,0.000684586224672543,0.00385079751378306,0,0.000256719834252204,0.00282391817677424,0,0.0502763383333919,0,0,0,0,0.000285244260280226,0,0,0.00142622130140113,0.00576193405766057,0,0,0.000306115791520243,0,2.85244260280226e-05,2.59312963891115e-05,0,0,0,0,0.0337158715651228,0.000867142551251888,0.000171146556168136,0.0114668192632651,0.000266227976261545,0,0,0.000313768686308249,0.0059216708434175,0.000410751734803526,0.0001255074745233,0,0.0222490523018577,0,0,0.011006625190013,0.000242457621238192,0,0,0,0,2.28195408224181e-05,0,5.70488520560453e-05,0,0.0658914241247323,0.0574985007354325,5.70488520560453e-05,4.75407100467044e-05,1.62996720160129e-05,0,0,0,0,0.01759957085929,0.000171146556168136,0,0.0001255074745233,0.00193966096990554,0,0,0,0,0,0.000171146556168136,0,0.000513439668504408,0,0,0,0,0,0.00157835157355059,0.000142622130140113,0.000827208354812657,0,0,0,0.00698848437686555,0,0.000142622130140113,0.000399341964392317,0,0.0132733662450399,0,0.0179703883976543,0,0,0,0.0014642538694385,0,0,0.00156884343154125,0,0,0,0,0.00121704217719563,0,0,0,0.000285244260280226,0.134647308351049,0,0,0,0,0,0,0.000513439668504408,0.000456390816448362,0.00347997997541876,0.00721667978508973,0.000437374532429681
"20","Station_B1_4",0,0,0,0,0,0,0,0,0,0,0,0,0,0.0024439003712952,0,0,0,0.000544323264515749,0,0,0,0,0,0,0,0,0,0,0,0,0,0,0,0.0443234658248539,0,0.00246241476804744,0.000777604663593928,0,0,0,0,0.11689990109362,0.000259201554531309,0,0.000259201554531309,0.12765676560667,0,0.00103680621812524,0,0,0,0.0927941565222087,0,0,0.000453890722157048,0,0,0,0,0,0,0,0,0,0,0,0,0,0,0,0,0,4.32002590885515e-05,0,0,0,0,0,0,0.000583203497695446,0,0,0,0.00388802331796964,0,0,0,0.00680404080644686,0,0,0.000777604663593928,0,0,0,0.0810220859205784,0,0.000172801036354206,0,0,0.000492482953609487,0,0.000972005829492409,0.0007128042749611,6.48003886328273e-05,0,0,0,0,0,0,0,0,0,0.000648003886328273,0.0007128042749611,0,0.00907205440859582,0.000108000647721379,0,0,0,0,0,0,0,0.000302401813619861,0,0,0.0007128042749611,0,0,0.00187921127035199,0.000129600777265655,0,0.000777604663593928,0,0.0934699320036653,0,0,0,0,0,0,0,0.000648003886328273,0.00527043160880328,0,0,0,0,0,0,0,0,0,0,0.00660963964054838,0.000544323264515749,0,0,0,0,0,0.000194401165898482,0.00241057445714118,0.000414722487250095,0,0,0.014644887831019,0,0,0.00382322292933681,0,0,0,0,0,0,0,0,0,0.0416666498909079,0.209292295206306,0,0,0,0,0,0,0,0.00751684508140797,0.00116640699539089,0,0,0.00168481010445351,0,0,0,0,0,0,0,0,0,0,0,0,0,0.000475202849974067,0,0.00123120738402372,0,0,0,0.00366122195775474,0,0,0,0,0.00492482953609487,0,0.00913685479722865,0,0,0,0.00125280751356799,0,0,0.00100440602380882,0,0,0,0,0.000432002590885515,0,0,0,0,0.0855619306207087,0,0,0,0,0,0,0,0.000388802331796964,0.000777604663593928,0.00200881204761765,0
"21","Station_B2_1",0,0,0,0.000196089509749567,0,0,0,0,0,0,0,0,0,0,0,0,0,0,0,0,0,0,0,0,0,0,0,0,0,0,0,0,0.00575195895265396,0.0369955541727516,0,0,0.00248380045682785,0,0,0.00535977993315483,0,0.0320279532590959,0,0,0,0.242758813069964,0,0.000915084378831312,0,0,0,0.176219106094944,0,0,0.000402234891793983,0,0,0,0,0,0,0.000196089509749567,0,0,0,0,0,0,0,0,0,0.000915084378831312,0,0,0.0027079027536845,0,0,0,0,0,0,0,0,0.00431396921449047,0,0,0,0.00320279532590959,0,0,0,0,0,0.00135083884494146,0.0163843679257416,0,0.000915084378831312,0,0,0.000627486431198614,0,0.000522905359332178,0.00130726339833045,0,0,0.000806145762303775,0,0,0,0,0,0,0,0,0.00183016875766262,0,0.00610056252554208,0,0,0,0,0,0,0,0,0,0,0,0,0.0017648055877461,0,0.00640559065181919,0.000522905359332178,0,0,0.00196089509749567,0.06994326060853,0,0,0,0,0,0,0,0.000871508932220297,0.00457542189415656,0,0,0.00114784103268039,0,0,0,0,0,0,0,0.00745140137048354,0.000549050627298787,0,0,0.00130726339833045,0,0,0,0.00431396921449047,0,0,0,0.0250994572479446,0,0,0.00544693082637686,0,0,0,0,0,0,0,0,0,0.0571274105070405,0.0402637126685777,0,0,0,0,0,0,0,0.0241843728691133,0.000424860604457395,0,0,0.00627486431198614,0.0159486134596314,0,0,0,0,0,0,0.00457542189415656,0,0,0,0,0.000496760091365569,0.00265810224327191,0,0.00366033751532525,0.00125195610070877,0,0,0.00107849230362262,0,0,0,0,0.00283240402971597,0,0.0067324065014018,0,0,0,0.000697207145776238,0,0,0,0,0.00126368795171943,0,0.00366033751532525,0.00130726339833045,0,0,0,0,0.146315473407843,0,0,0,0,0,0,0.000522905359332178,0,0,0.00307206898607655,0
"22","Station_B2_2",0,0.00192595617424272,0.000237772367190459,0,0,0,0,0,0,0,0,0,0,0.00112772037010332,0,4.75544734380919e-05,0,0.000732338890946614,0,0,0,0.00011888618359523,0,0,7.13317101571378e-05,0,0,0,0,0,0,0,0,0.0509308410521964,0,0.00052309920781901,0.000903534995323745,0,0,0.000285326840628551,0,0.0451291952927492,0,0,0.000689539864852332,0.142615865840837,0,0.00137907972970466,0.000142663420314276,0.000313049530913065,0,0.108994853120107,0,0,0.0143407408356118,0,0.00247283261878078,0,0,0,0.000309104077347597,0,0,0,0,0,0,0,0,0,0,0.0011413073625142,0.000142663420314276,0,0,0,0,0,0,0.00156929762345703,0,0,0,0.00696673035868046,0.000126811929168245,0,0,0.0116508459923325,0.00128397078282848,0,0.00076087157500947,0,0,0,0.0492717439619072,0,0.000396287278650765,0,0,0.0011888618359523,0,0.00130774801954753,0.00722827996258996,0.000309104077347597,0,0,0,0,4.75544734380919e-05,0,0.00011888618359523,0,0.00110960438022214,0,0.000855980521885653,0,0.0100498453865834,0.00141870845756974,0,0.000309104077347597,0,0,0,0,0,0,0,0,0.00568275957585198,0.00154552038673799,0.00133152525626657,0.00076087157500947,0,0.00121263907267134,0.000779429418302384,0,0.0678971210669225,0,2.37772367190459e-05,0,0,9.51089468761837e-05,0,0,0.00199728788439986,0.00724413145373599,0.000190217893752367,0,0.000166440657033321,0,0,4.53929064636331e-05,0,0,0,0,0.010889974417323,0.0037329236768009,0.000237772367190459,0.00370924892817116,0.00101449543334596,0,0,0.00108942975512719,0.0128420275586964,0.00139978893587932,0.00325272598316548,0,0.0219939439651175,0,0,0.0325236017952365,0.0002589076887185,0,9.51089468761837e-06,0,0,0.00040896847156759,0,0,0,0.0543930386915306,0.0745492746508521,0.00011413073625142,0,0,0,0.000784648811728516,0,0.000998643942199929,0.0134341387462609,0.000295830630915426,0,0.000223506025159032,0.00111753012579516,0,0,0,0,0.000285326840628551,0.000237772367190459,0,0.00147418867658085,0,0,0,0,0.000240414282381464,0.00500907120214567,0,0.000855980521885653,0.000227204706426439,0,0,0.00338460814717853,0,0.000998643942199929,0,0,0.0482836420308093,0,0.00382648676924112,1.58514911460306e-05,0,0,0.00107790139793008,0.000142663420314276,0,0.00580164575944721,4.83214810741901e-05,0,0,0,0.000602356663549163,6.79349620544169e-06,0,0,0,0.118931232639416,0,0.000261549603909505,0,0,0,0.000142663420314276,0.00133152525626657,0,0.00185462446408558,0.00371077047177448,0.00245698112763475
"23","Station_B2_3",0,0.00123183688642191,0,0,0,0,0,0,0,0,0,0,0,0.00105586018836164,0,0,0,0.00104706135345862,0,0,0,0,0,0,0,0,0,0,0,0,0,0,0,0.0517371492297202,0,0.00153979610802739,0.00138581649722465,0,0,0,0,0.0543548026133668,0,0,0.000923877664816433,0.18385165529847,0,0.0027716329944493,0,0,0,0.137349812836043,0,0,0.00114629265819817,0,0.000461938832408216,0,0,0,0.00123183688642191,0,0,0,0,0,0,0,0,0,0,0.000769898054013694,0,0,0,0,0,0,0,0.000538928637809586,0,0,0,0.00785296015093968,0,0,0,0.0065441334591164,0,0,0,0,0,0,0.0205177831394649,0,0,0,0,0.000677510287532051,0,0.00223270435663971,0.00238668396744245,0.000230969416204108,0,0,0,0,0,0,0,0,0.00153979610802739,0,0.000846887859415063,0,0.0150900018586684,7.69898054013694e-05,0,0.00107785727561917,0,0,0,0,0,0.000153979610802739,0,0,0.00153979610802739,0,0,0.00500433735108901,0,0,0.000846887859415063,0,0.0909827025330683,0,0,0,0,0,0,0,0.000461938832408216,0.00744234785546571,0,0,0.000187780013174072,0,0,5.59925857464505e-05,0,0,0,0,0.0137041853614438,0.000615918443210955,0,0.00862285820495337,0.000307959221605478,0,0,0,0.00628236812075174,0.000400346988087121,0.000307959221605478,0,0.0202483188205601,0,0,0.00646714365371503,0,0,0,0,0,0,0,0,0,0.0893851640709899,0.067992263476796,0,0,0,0,0,0,0,0.0163988285504917,0.000615918443210955,0.000269464318904793,0.00020017349404356,0.00215571455123834,0,0,0,0,0,0.000615918443210955,0,0,0,0,0,0,0,0.00153979610802739,0,0.00146280630262602,0.000250216867554451,0,0,0.00434992400517737,0,0.000384949027006847,0,0,0.0176050021684465,0,0.0153209712748725,0,0,0,0.00107785727561917,0,0,0.0010008674702178,0,0,0,0,0.00082122459094794,0,0,0,0,0.10736458225488,0,0,0,0,0,0,0,0.000153979610802739,0.00107785727561917,0.00585122521050407,0
"24","Station_B3_1",0,0.00178411426489655,0,0,0,0,0,0,0,0,4.46028566224139e-05,0,0,0.00239581058428966,0,0,0,0.000820692561852415,0,0,0,0,0,0,0,0,0,0,0,0,0,0,0,0.0783226162289587,0,0.000535234279468966,0.000892057132448277,0,0,0,0,0.0597678278740346,0,0,0,0.17109655800358,0,0,0,0,0,0.111328730129545,0,0,0.000109791647070557,0,0,0,0,0,0,0,0,0,0,0,0,0,0,0,0,0,0.000118940950993104,0,0,0,0,0,0,0.000624439992713794,0,0,0,0.00463869708873104,0.000356822852979311,0,0,0.00410346280926207,0,0,0.000624439992713794,0,0,0,0.0398303509638156,0,0.00136782093642069,0,0,0.00117751541483173,0,0.00178411426489655,0.00187331997814138,0,0,0,0,0,0,0,0.000267617139734483,0,0.00124887998542759,0,0.00205173140463104,0,0.0119535655748069,0,0,0,0,0,0,0,0,0.000446028566224139,0,0,0.00214093711787587,0,0,0.00437107994899656,0.000107046855893793,0.000356822852979311,0.00107046855893793,0,0.084500111871163,0,0,0,0,0,0,0,0.00107046855893793,0.00725539801057932,0,0,0,0,0,0,0,0,0,0,0.0146297369721517,0.000214093711787586,0,0.00499551994171035,0,0,0,0.000356822852979311,0.00353254624449518,0,0,0,0.0183763769284345,0,0,0.00362769900528966,0,0,0,0,0,0,0,0,0,0.0847454275825863,0.103992776656702,0,0,0,0,0,0,0,0.0106154798761345,0.00111507141556035,0.000237881901986207,0.000303299425032414,0,0,0,0,0,0,0,0,0,0,0,0,0,0,0.000832586656951725,0,0.00133808569867242,0,0,0,0.00428187423575173,0,0,0,0,0.017781672173469,0,0.0132024455602345,0,0,0,0.00142729141191724,0,0,0.00151649712516207,0,0,0,0,0,0,0,0,0.00107046855893793,0.104439918414251,0,0,0,0,0,0,0.000416293328475863,0,0.00124887998542759,0.00526313708144483,0
"25","Station_B3_2",0,0,0,0,0,0,0,0,0,0,0,0,0,0.00116273816645223,0,0,0,0.0012422939357358,0,0.000171350887687697,0,0,0,0,0,0,0,0,0,0,0,0,0,0.0516194549159186,0,0.000642565828828862,0,0,0,0,0,0.0593302448618649,0,0,0.000428377219219241,0.18634409036037,0,0.000642565828828862,0.0010709430480481,0,0,0.10173958956457,0,0,0.000477805359898385,0,0,0,0,0,0,0,0,0,0,0,0,0,0,0,0,0,0,0,0,0,0,0,0,0.00149932026726735,0,0,0,0.0072824127267271,0.000356981016016035,0,0,0.00535471524024052,0.0010709430480481,0,0.000321282914414431,0,0,0,0.0802162336751332,0,0.00242747090890904,0,0,0.00578309245945976,0,0.00246316901051064,0.00246316901051064,0,0,0,0,0,0,0,0,0,0.000499773422422448,0,0,0,0.0110664114964971,0,0,0,0,0,0,0,0,0.000142792406406414,0,0,0.00224898040090102,0,0,0.00097914792964398,0,0,0.000919443787592518,0,0.0995887409813963,0,0,0,0,0,0,0,0.00342701775375393,0.00656845069469504,0,0,0,0,0,0,0,0,0,0,0.0126371279669676,0.000355211498048714,0.000214188609609621,0.00642565828828862,0,0,0,0,0.00334343195488188,0,0,0,0.0183131261216226,0,0,0.00489063991941967,0,0.000214188609609621,0,0,0,0,0,0,0,0.0705464142480078,0.0896379331216263,0,0,0,0,0,0,0,0.0116732792237243,0.000431083998351671,0,0.000192769748648659,0.000963848743243293,0,0,0,0,0,0,0,0,0,0,0,0,0,0.000428377219219241,0,0.00224898040090102,0,0,0,0.00498751811897832,0,0,0,0,0.0179204470040049,0,0.00433029342817303,0.000142792406406414,0,0,0.0010709430480481,0,0,0.0072824127267271,0,0,0,0,0.000499773422422448,0,0,0,0,0.0968015933673585,0,0,0,0,0,0,0,0,0.00128513165765772,0.00361126602008479,0
"26","Station_B3_3",0,0,0,0,0,0,0,0,0,0,0,0,0,0.00244456797197193,0,0,0,0.000636724681071759,0,0,0,0,0,0,0,0,0,0,0,0,0,0,0,0.0873506671845319,0,0.000596929388504774,0.000994882314174623,0,0,0,0,0.0789936557454651,0,0,0,0.15918117026794,0,0.00119385877700955,0,0,0,0.108641148707869,0,0,0.000244894108104523,0,0,0,0,0,0,0,0,0,0,0,0,0,0,0,0,0.000596929388504774,0,0.000254842931246269,0,0,0,0,0,0.00298464694252387,0,0,0,0.0060687821164652,0.000198976462834925,0,0,0.00388004102528103,0.000298464694252387,0,0.00109437054559209,0,0,0,0.12945318520892,0,0.000994882314174623,0,0,0.00258669401685402,0,0.000397952925669849,0.000994882314174623,0,0,0,0,0,0,0,0,0,0,0,0,0,0.011474309356814,9.94882314174623e-05,0,0,0,0,0,0,0,0,0,0,0.00169129993409686,0,0,0.000913424998898919,0,0,0,0,0.0823671398777452,0,0,0,0,0,0,0,0.00218874109118417,0.00404585474431013,0,0,0.000149232347126193,0,0,0,0,0,0,0,0.0137293759356098,0.000476642970778058,0,0.00358157633102864,0,0,0,0,0.00178593508105493,0,0,0,0.015719140563959,0,0,0.00368106456244611,0,0,0,0,0,0,0,0,0,0.0445707276750231,0.0955183495044164,0.00023877175540191,0,0,0,0,0,0,0.00865547613331922,0,0,0.00015918117026794,0.000895394082757161,0,0,0,0,0,0,0,0,0,0,0,0,0,0.000729580363728057,0,0.00189027639693178,0,0,0,0.00215247497853471,0,0,0,0,0.00742845461250385,0,0.00438811937104509,0,0,0,0.00119385877700955,0,0,0.00457645864520327,0,0,0,0,0.000464278413281491,0,0,0,0,0.0924885048972127,0,0,0,0,0,0,0,0,0.000198976462834925,0.00246474070092294,0
"27","Station_B4_1",0,0,0,0,0,0,0,0,0,0,0,0,0,0.00213846327823658,0,0,0,0.00058213722574218,0,0,0,0,0,0,0,0,0,0,0,0,0,0,0,0.0268198936145504,0,0.00145534306435545,0,0,0,0,0,0.0488579457319329,0,0,0,0.142831526458885,0,0.00166324921640623,0,0,0,0.144494775675291,0,0,0.0010048797349121,0,0,0,0,0,0,0,0,0.000277208202734371,0,0,0,0,0.000103953076025389,0,0,0,0,0,0,0,0,0,0,0,0,0,0,0.00654904378959952,0,0,0,0.00592532533344719,0,0,0.00103953076025389,0,0,0,0.0351014886712398,0,0,0,0,0.000457393534511713,0,0.000935577684228503,0.000311859228076168,0,0,0,0,0,0,0,0.000415812304101557,0,0.00145534306435545,0,0.000623718456152335,0,0.0110190260586913,0,0,0,0,0,0,0,0,0,0,0,0,0,0,0.00374231073691401,0,0,0,0,0.129072594324953,0,0.000207906152050778,0,0,0,0,0,0.000762322557519521,0.00776182967656239,0,0,0,0,0,0.000132303914941404,0,0,0,0,0.00706880916972647,0.000415812304101557,0,0.0029106861287109,0.000277208202734371,0,0,0,0.00586295348783195,0.000249487382460934,0,0,0.0176720229243162,0,0,0.0048511435478515,0,0,0,0,0,0,0,0,0,0.0897115046099109,0.126724469842733,0.000207906152050778,0,0,0,0,0,0,0.0121625098949705,0.00103953076025389,0,0.000311859228076168,0,0,0,0,0,0,0,0,0,0,0,0,0,0,0.00048511435478515,0.000207906152050778,0.00218301459653317,0,0,0,0.0057693957194091,0,0,0,0,0.0174641167722654,0,0.0132020406552244,0,0,0,0.00145534306435545,0,0,0.00228696767255856,0,0,0,0,0.000762322557519521,0,0,0,0,0.10307467951497,0,0,0,0,0,0,0,0.000831624608203114,0.00124743691230467,0.0058213722574218,0
"28","Station_B4_2",0,0.00119588648498197,0,0,0,0,0,0,0,0,0,0,0,0.00324597760209393,0,0,0,0.000518217476825522,0,0.00033219069027277,0.000199314414163662,0,0,0,0,0,0,0,0,0,0,0,0.000398628828327325,0.0599936386632623,0,0.0015945153133093,0.00179382972747296,0,0,0,0,0.0882962854745024,0,0,0.000199314414163662,0.148090609723601,0,0.00199314414163662,0,0.000398628828327325,0,0.0988599494251765,0,0,0.0058287906393576,0,0,0,0,0,0,0,0,0,0,0,0,0,0,0,0,0.000398628828327325,0,0,0,0,0,0,0,0,0,0,0,0.00398628828327325,0,0,0,0.0073746333240555,0,0,0.00109622927790014,0,0,0,0.060010248197776,0,0.000930133932763757,0,0,0.000518217476825522,0,0.00089691486373648,0.00368731666202775,0,0,0,0,0,0,0,0,0,0,0,0,0,0.0102979113984559,0.000199314414163662,0,0,0,0,0,0,0,0,0,0,0.00199314414163662,0,0,0.00348800224786409,0,0,0,0,0.0838366254575904,0,0,0,0,0,0,0,0.000465066966381879,0.00657737566740085,0,0,0,0,0,0,0,0,0,0,0.00837120539487382,0.000757394773821917,0,0.00219245855580029,0,0,0,0.000697600449572818,0.00669696431589905,0,0.00191341837597116,0,0.0160448103401748,0,0,0.0060790896319917,0,0,0,0,0,0.000119588648498197,0,0,0,0.0582994661428712,0.132261421340567,0,0,0,0,0,0,0,0.00906880584444663,0,0.000199314414163662,0.000179382972747296,0.00139520089914564,0,0,0,0,0,0.000199314414163662,0,0,0,0,0,0,0,0.00239177296996395,0,0.00149485810622747,0.000622857544261445,0,0,0.00323885923015951,0,0.000597943242490987,0,0,0.0206622609349663,0,0.0120585220569016,0,0,0,0.00119588648498197,0,0,0.000996572070818311,0,0,0,0,0.00112944834692742,0,0,0,0,0.102508107870782,0,0,0,0,0,0,0.00458423152576423,0,0.000996572070818311,0.00388663107619141,0.000465066966381879
"29","Station_B4_3",0,0,0,0,0,0,0,0,0,0,6.95925178077775e-05,9.48988879196966e-05,0,0.0020281248046838,0,0,0,0.000709843681639331,0,0,0,0,0,0,0,0,0,0,0,0,0,0.000417555106846665,0,0.0407116229175498,0,0.00146144287396333,0,0,0,0,0,0.0565787169777231,0,0,0.000626332660269998,0.136958075045706,0,0,0,0,0,0.133200079084086,0,0,0.000394357600910739,0,0,0,0,0,0,0,0,0,6.26332660269997e-05,0,0,0,0,0,0,0.000208777553423333,0.000208777553423333,0,0,0,0,0,0,0.000417555106846665,0,0,0,0.00615893782598831,0,0,0,0.00595016027256498,0,0,0.00125266532054,0,0,0,0.0457918767175176,0,0.00027837007123111,0,0,0.000876865724377997,0,0.00104388776711666,0.000626332660269998,0,0.000347962589038888,0,0,0,0,0,0.000208777553423333,0,0.00104388776711666,0,0,0,0.0096037674574733,0.000173981294519444,0,0.00135705409725166,0,0,0,0,0,0.000542821638900665,0,0,0.00167022042738666,0,0,0.00386238473833165,0,0,0,0,0.111830205222969,0,0,0,0,0,0,0,0.00055674014246222,0.00849028717254885,0,0,0.000305528126960974,0,0,0,0,0,0,0,0.0083511021369333,0.000417555106846665,0,0.00459310617531332,0,0,0,0,0.00400852902572798,0.000250533064107999,0,0,0.0153451501766149,0,0,0.00438432862188998,0,0,0,0,0,0,0,0,0,0.0851812417967197,0.143547221163597,0,0,0,0,0,0,0,0.0136749297492283,0,0.000208777553423333,0,0.00125266532054,0,0,0,0,0,0,0,0,0,0,0,0,0,0.00027837007123111,0,0.00187899798080999,0,0,0,0.00782915825337497,0,0,0,0,0.0168413893094822,0,0.0159714828368849,0,0,0,0.00125266532054,0,0,0.000782915825337497,0.000139185035615555,0,0,0,0.000904702731501107,0,0,0,0,0.0922961751188613,0,0,0,0,0,0,0,0,0.00167022042738666,0.00281849697121499,0
"30","Station_B5_1",0,0,0,0,0,0,0,0,0,0,0,0,0,0.00209955414324789,0,0,0,0.000489895966757841,0,0,0,0,0,0,0,0,0,0,0,0,0,0,0,0.0423091971290863,0,0.00111339992444964,0.000890719939559711,0,0,0,0,0.0866225141221819,0,0,0.00100205993200468,0.120692551810341,0,0,0,0,0,0.109558552565844,0,0,0.000454267169175453,0,0,0,0,0,0,0,0,0,0,0,0,0,0,0,0,0,0,0,0,0,0,0,0,0.000668039954669783,0,0,0,0.00556699962224819,0,0,0,0.00634637956936294,0,0,0.00100205993200468,0,0,0,0.0658576055311961,0,0.000519586631409831,0,0,0,0,0.000779379947114747,0,0,0,0,0,0,0,0,0,0,0,0,0,0,0.00838761276418728,0,0,0,0,0,0,0,0,0.00018556665407494,0,0,0.000334019977334892,0,0,0.00155875989422949,0.000222679984889928,0,0,0.000222679984889928,0.101824399519221,0,0,0,0,0,0,0,0.000222679984889928,0.00608658625365802,0,0,0,0,0,0,0,0,0,0,0.00734843950136762,0.000267215981867913,0,0.00244947983378921,0,0,0,0,0.0049434956645564,0,0,0,0.0155875989422949,0,0,0.00359999308905383,0,0,0,0,0,0,0,0,0,0.0522184564566881,0.232692486755979,0,0,0,0,0,0,0,0.00723709950892265,0,0,0.000423091971290863,0.00178143987911942,0,0,0,0,0,0,0,0,0,0,0,0,0,0.000222679984889928,0,0.00144741990178453,0,0,0,0.0040082397280187,0,0,0,0,0.00423091971290863,0,0.00857317941826222,0,0,0,0.000816493277929735,0,0,0.000668039954669783,0,0,0,0,0.000445359969779856,0,0,0,0,0.0819015418383331,0,0,0,0,0,0,0,0,0.00155875989422949,0.00256081982623417,0
"31","Station_B5_2",0,0,0,0.000582870491254994,0,0,0,0,0,0,0,0,0,0.00353052983274454,0,0,0,0.000326407475102797,0,0,0,0,0,0,0,0,0,0,5.82870491254994e-05,0,0,0,0,0.0543235297849655,0,0.00139888917901199,0.00233148196501998,0,0,0,0,0.113776319892975,0,0,0,0.122869099556553,0,0,0,0,0,0.0862648327057391,0,0,0.000259053551668886,0,0,0,0,0,0,0,0,0,6.99444589505993e-05,0,0,0,0,0,0,0,7.77160655006659e-05,0,0,0,0,0,0,0.000582870491254994,0,0,0,0.00349722294752996,0,0,0,0.00547898261779695,0,0,0.000932592786007991,0,0,0,0.0857596782799848,0,0.00108802491700932,0,0,0,0,0.000816018687756992,0.00104916688425899,0,0,0,0,0,0,0,0,0,0,0.000349722294752996,0,0,0.0114242616285979,0,0,0,0,0,0,0,0,0,0,0,0,0,0,0.00139888917901199,0.000186518557201598,0,0,0,0.0920352505691636,0,0,0,0,0,0,0,0.000621728524005327,0.00435209966803729,0,0,0,0,0,0,0,0,0,0,0.00396351934053396,0.000373037114403196,0,0.00163203737551398,0,0,0,0,0.00349722294752996,0.000233148196501998,0,0,0.0143386140848729,0,0,0.0036526550785313,0,0,0,0,0,0,0,0,0,0.0438318609423756,0.2224651722282,0,0,0,0,0,0,0,0.00757731638631492,5.82870491254994e-05,0,0.000279777835802397,0,0,0,0,0,0,0,0,0,0,0,0,0,0,0.000388580327503329,0,0,0,0,0,0.00594527901080094,0,0,0,0,0.000621728524005327,0,0.00850990917232292,0,0,0,0.000777160655006659,0,0,0.000699444589505993,0,0,0,0,0.000621728524005327,0,0,0,0,0.0814777335303805,0,0,0,0,0,0,0,0,0.000233148196501998,0.00338064884927897,0
"32","Station_B5_3",0,0,0,0,0,0,0,0,0,0,0,0,0,0.00336964055239954,0,0,0,0.000336964055239954,0,0,0,0,0,0,0,0,0,0,0,0,0,0,0,0.0454901474573938,0.000748809011644343,0.00112321351746651,0.00112321351746651,0,0,0,0,0.110074924711718,0,0,0.000468005632277714,0.12935675676156,0,0,0,0,0,0.0909802949147876,0,0,0.00034320413033699,0,0,0,0,0,0,0,0,0,0,0,0,0,0,0,0,0,0,0,0,0,0,0,0,0.000374404505822171,0,0,0,0.00439925294341051,0,0,0,0.00664567997834354,0.000748809011644343,0,0.000748809011644343,0,0,0,0.0873298509830214,0,0,0,0,0.000599047209315474,0,0.0006552078851888,0.000187202252911086,0,0,0,0,0,0,0,0,0,0,0,0,0,0.00911050964167283,0.000124801501940724,0,0,0,0,0,0,0,0,0,0,0,0,0,0.00159121914974423,0,0,0,0,0.0896464788627961,0,0,0,0,0,0,0,0.000561606758733257,0.0034320413033699,0,0,0,0,0,0.000136147093026244,0,0,0,0,0.00411844956404388,0,0,0.00187202252911086,0,0,0,0,0.00359428325589284,0,0,0,0.012074545312765,0,0,0.00271443266721074,0,0,0,2.67431789872979e-05,0,0,0,0,0,0.0421205069049943,0.21785917458327,0,0,0,0,0,0,0,0.0052416630815104,0.00121681464392206,0,0.000187202252911086,0,0,0,0,0,0,0,0,0,0,0,0,0,0,0,0,0.00159121914974423,0,0,0,0.00463325575954937,0,0,0,0,0.00555366683636221,0,0.0091729103926432,0,0,0,0.00156001877425905,0.000187202252911086,0,0.000374404505822171,0,0,0,0,0.000374404505822171,0,0,0,0,0.0930128036997251,0,0,0,0,0,0,0,0,0.000374404505822171,0.00243362928784411,0
