"","Full compound name","Meltwater_A","Meltwater_B","Meltwater_C","Meltwater_T-S_A","Meltwater_T-S_B","Meltwater_T-S_C","Sea ice_1_A","Sea ice_1_B","Sea ice_1_C","Sea ice_2","Sea ice_T-S_A","Sea ice_T-S_B","Sea ice_T-S_C","SW_08_A","SW_08_B","SW_08_C","SW_12_A","SW_12_B","SW_12_C","SW_15_A","SW_15_B","SW_15_C","SW_17_A","SW_17_B","SW_17_C","SW_19_A","SW_19_B","SW_19_C","SW_T-S_A","SW_T-S_B","SW_T-S_C"
"1","(3-Carboxypropyl)trimethylammonium (TMAB)",0.0739170657575811,0.130707061260064,0.136870899931922,0.290517812680705,0.317096620948705,0.247110117373967,7.76432822506468,1.79579755865727,0.788759343111835,2.11465082549408,0.196805650181922,0.171845106428779,0.316135107442052,0.116054097493123,0.0902900832036984,0.143453382130589,0.17719861163093,0.112410315467456,0.158492078904272,0.174703849588319,0.140866895833671,0.168749128648591,0.217936675340597,0.194725498861515,0.235915716480452,0.234831129736494,0.353316780264831,0.234870270060391,0.321711185176327,0.284995941443587,0.331398000378966
"2","(Iso)leucine",2.64252955469512,1.82073546847992,1.46535305840726,2.00931287460033,2.31076816249786,2.86601335603116,129.005560731611,6.72775306860687,6.94822591240096,40.2765224351994,4.26920770846101,3.76559714146901,3.74150244738492,0.526108546491324,0.561608367089661,0.540231515776105,0.826699566884736,0.631880431454507,1.03380740486467,0.849193631588917,1.0117748245937,0.978930141519708,7.36619465326894,2.06350621086556,7.02551093859922,17.0891198205422,2.27111611868151,15.2849710030525,35.1900305716033,33.6737002537933,38.820303747449
"3","4-Hydroxyisoleucine",1.97803331342736,1.21245135690136,1.32696316871056,0.75648481671835,0.76417539008337,0.716293258614458,20.0550428140243,2.67726226545187,2.43326583890138,12.3174638346806,2.27289401951019,2.86142580754326,4.48950701800737,0.447199774430892,0.474278590687921,0.431952441424168,0.765005567558467,0.433593814135531,0.710047172219294,0.603428540732847,0.637676490444737,0.604346317155576,2.20204764695192,1.78647613297627,2.24430011125236,1.73748404420331,1.67167397635607,0.940946838437914,2.95479277919819,2.63738678285749,3.05759552908023
"4","6-Methyladenine",0.00188015421807842,0.00131170961058825,0.00112883475157089,0.00374106535095372,0.00431060353596911,0.00455550922655178,0.00955008229376322,0.00398654190444559,0.0127492736082712,0.0166950349445147,0.00710308955997399,0.00736009943408009,0.00206396800326622,0.000529647640880897,0.00237040196942944,0.00106906078313463,0.00202704167431333,0.00158198229809585,0.0011533829946887,0.00171673676440226,0.00203845145900337,0.00217108192427088,0.00471771061228203,0.0020267279345668,0.00302131469378427,0.00235619959621574,0.00498272954481169,0.00340608546908998,0.0100246408364268,0.0126605538293016,0.00799627282380085
"5","Acetyl-L-carnitine",0.115900325368378,0.22455695132484,0.212220123752169,2.12145800545635,2.4046324688758,2.03979524876912,5.96936335783389,1.98268802042718,1.18442900334207,2.17848616527923,0.329472011667181,0.282561505969772,0.498435677320524,0.130101048484447,0.0902389889764972,0.141948999979322,0.19098160962055,0.137836529164129,0.225421602603747,0.223940743925547,0.209431102472293,0.21838816421148,0.421636414142949,0.422598842562594,0.360769352209993,0.334715998626176,0.356061104097121,0.412433817599598,1.65290251095383,0.998785879052081,1.45006118208763
"6","Adenine",0.648013246561142,0.558282066094409,0.640362683572362,1.97047792426334,1.34781728214074,1.1678577193497,15.1759182771574,3.70995227307418,2.66846253975424,3.31665412949028,0.660926558687588,0.644941566315369,0.949645816025229,0.118125875892042,0.287029892112928,0.155005333305799,0.328066240559278,0.145535058234868,0.172232722696481,0.218609612941422,0.335158349880617,0.213467434757909,0.359776522992149,0.235452681305556,0.232731763845427,1.2542698488278,0.725349659717737,0.463312841702967,1.56182818912321,2.55136079473698,1.70364654955483
"7","Adenosine",0.639466843740767,0.73742663266849,0.834669608872625,19.2141709842822,20.2567119057622,13.5567919055698,93.4361578241273,19.9523658430903,10.7417135139074,32.0623136650171,8.4775595836905,8.22792685326316,9.23659701289589,0.2473715251792,0.365279490301421,0.408605493602995,0.894038847536237,0.654754160138617,0.838964233185065,0.819472100753756,1.22754067522424,1.12635261576247,2.05214183527903,1.5673483614081,1.49632856970108,2.24721954209079,1.23625481915357,1.29579644282489,8.48333412619293,8.80862749442061,6.19062406927798
"8","Adenosyl Homocysteine",0.00998717451137852,0.00497528489642909,0.00603433356338981,0.760339068570382,1.63724140854537,1.67918738958132,0.447238485445243,2.48381498574894e-05,2.22174377416314e-05,2.07748571906168e-05,0.14287761314977,0.217943692774462,0.183394635191854,0.012978343306503,0.0105936257347053,0.0163076890721601,0.0541223178480082,0.0204993104738393,0.0683050450557964,0.0645948538704903,0.0717278353161401,0.0541097700542151,0.0816739253053852,0.21177225057282,0.0667025202594185,0.0122071535631692,0.0383272753413178,0.0466518899288304,1.4299619155253,0.86397751951555,0.543062316679573
"9","Alanine",1.74322931126202,3.60080159831839,3.01089865298748,127.435028234518,127.430031603078,125.654033733822,159.64600947359,25.7044676480568,13.8852474009126,46.961152687618,133.863278136606,109.832942444862,195.507204742717,18.9961072582228,19.7290083209968,24.6656207281286,49.4433989139011,31.1584385684561,53.7032168302525,48.8997531672704,72.8120643292532,75.4934723916597,126.818382616763,128.910365047193,114.118332272806,109.23633889868,122.773857448889,133.3450822277,508.312209980581,476.238268448817,683.296502849062
"10","Anserine",0.044536820265306,0.0292209906718071,0.031656073227791,0.0367026237088457,0.0318264486547711,0.0112752909768542,0.102868614956294,0.0251730521712021,0.0252416254610641,0.00810486911906938,0.00883716243894452,0.00670405426402688,0.00777670294627118,0.0104158692555958,0.00978460445222631,0.0107630648974489,0.0143507531965986,0.0117415253426716,0.016994312995972,0.0220450830008403,0.0237741091185532,0.0231499678290447,0.00704130477382573,0.00704130477382573,0.00568885903982872,0.00897089310126837,0.00811280767419052,0.0062198192168794,0.00939954347186434,0.00939954347186434,0.00747143199045627
"11","Arginine",2.04304994580654,20.0917684282185,20.763746634293,111.576424518783,179.19841386005,156.943100275218,148.73307480362,41.9649408714088,95.039961490459,48.5524916442836,23.7148400965347,68.1549282727616,36.0761903206218,12.0101812761209,2.38693773351217,3.64720385571354,3.26659274599981,2.31065463586469,14.0420210594201,14.0501303918048,3.70696017819673,17.4570592793274,6.92057105407939,22.3934837945457,7.59981946872506,3.45152819795914,6.21561616466815,23.1949523306703,161.357363169882,59.4003741641339,98.7326141254485
"12","Argininosuccinic Acid",3.9833305507163e-05,0.078987993879033,0.11519919848824,0.276047578898814,0.781409616835864,0.506993150762665,0.659715222479082,0.217923772182652,0.511049419415207,0.413568009482781,0.165319986785899,0.465386449897113,0.233243004231166,0.13630770827477,0.0205608146394508,0.0399915532716165,0.106759915347139,0.0600013100397042,0.339489414576886,0.355777301560972,0.0808953025171156,0.421931084808023,0.223035718943384,0.654797921165712,0.24344504170092,0.113604453252035,0.116887717621643,0.623031967965847,1.1420114084803,0.277788510113215,0.627382426262237
"13","Asparagine",1.58371206416661,0.817600852026633,0.714101988293899,88.2812900317195,67.6101528925051,68.3717427618381,37.5283929220203,8.35355495592279,5.87432803276593,13.1554097891728,21.0373391937157,21.4068329925981,32.7525181064557,2.70831766785721,2.34084922807623,2.87151805959379,7.36281197015587,3.91955454625359,7.92942989239003,7.530096462566,10.0657053920937,11.7485629861134,17.8862156113801,20.9228203179837,17.7822220290343,12.3637108231518,15.0124050944335,18.9487357284842,117.812645339004,103.923254963666,153.883363876379
"14","Aspartic acid",5.00200870277676,7.51391999554799,9.26164909111683,139.983780902269,154.414958527949,105.469520018408,180.325024103075,51.349693087259,24.6344461691751,64.6444715652119,26.913060457383,22.4028970415169,37.6630142864565,6.51890297253917,5.96427767603471,6.26803694683804,14.2922542873166,10.32866457843,14.066666924232,14.6427762004643,16.1676980739221,17.6879847266404,26.9922316685431,27.236625301312,24.4657900027971,37.3874666723826,43.6992350622279,35.9967476503955,123.16231472842,135.796491925231,130.059560920027
"15","beta-Alanine",0.347536911460897,0.648781159153293,0.928400675648013,6.32143870365545,5.70995956275409,4.59075032525065,94.5749533459695,9.61312364023082,3.52466156125531,22.1044433964696,12.3544001870674,9.5097956053794,24.5226083575542,6.18274679594234,6.70320073548938,7.55007954002394,10.8963953982425,5.59305101576239,10.0389269636809,8.81267948295248,11.3746965226824,10.3498284756916,17.3162564889541,16.0202639900192,17.6772844148674,16.9733098859063,19.6780666882183,12.4176528656368,27.7545489824182,25.0707408217322,31.62653310479
"16","beta-Glutamic acid",0.924956392490498,1.72195308335361,1.76165579142393,3.99528546855628,5.62387430223133,4.74739889591133,12.0873218666985,9.13404366046571,1.73379543135985,4.79782530791569,1.48840482080476,4.08471985200692,3.41102008785082,0.593744313550685,0.556192932087347,0.303562714614843,0.949698056779865,1.18981290922849,2.52675799626962,2.3681885191959,2.49165455232862,2.95633921650536,1.41747287816839,3.21750864740715,1.57318201393677,2.20392807337058,2.37764544437115,3.41703162139578,5.19302880061236,3.48479858092333,3.82267691654423
"17","Betaine",3.25156653082115,4.69849255664572,6.29934998840052,18.283923003168,17.9150869345816,14.625697593976,201.828750181906,70.5780399394795,36.4044979949391,76.1355679347701,55.5569551564636,44.4000003390233,81.5564104191627,6.02546297492511,5.37381428640924,8.20237243532041,9.29432591048989,4.70027002553421,8.53485216782429,11.9500025946844,8.86703318932184,10.2598129230824,11.6554226786454,9.974297831611,12.0252418614885,13.5414183729574,14.765530413851,10.6037282973867,48.8782107615047,41.7893858103825,41.6048952992797
"18","Betonicine",0.00934679840870111,0.00562628093119996,0.00639348637265602,0.0204062170824128,0.0283609987736185,0.0181132318684481,0.0077368817311731,0.00316790380673288,0.00304749985993398,0.00269725453151636,0.02953068311678,0.0233328644246104,0.0333334628422828,0.0269819742581793,0.0201997524910267,0.0265178926104242,0.0273156019777937,0.0134988177925749,0.0264313716890076,0.0240477344676962,0.0197882217485984,0.0228938683922967,0.0271548271661999,0.026887362888094,0.0293091676838129,0.0479224643773635,0.0735791742158319,0.0301466471210659,0.0474293843627189,0.0567063343940031,0.0428648942244736
"19","Carnitine",0.170778891230369,0.223252177754658,0.260638875772611,1.24890980784769,1.21166706304793,1.04354656252707,10.439640647491,3.15131938793517,1.48282212387855,3.70533867258876,0.46966330986081,0.3412089759695,0.701784574914461,0.215026906858025,0.190941066351331,0.23295414655715,0.354421875798308,0.168122277172313,0.338153955389235,0.346951185537374,0.312994471684859,0.359341458799188,0.527044727124558,0.495232213654635,0.582234048916905,0.726283982179636,0.884547762326888,0.561773713230679,1.17347832652327,1.17209644262747,1.43840566587207
"20","Chitobiose",0.0239186736850149,0.196821917312832,0.177897398604357,0.439207806582422,0.840270822195992,1.96274073616941,1.44599503979772,0.566859061590884,1.82259444086414,0.765423942535572,0.0812494921983058,0.500548599388486,0.423600340368233,0.0967620917570087,0.0223424860008074,0.0483354901186308,0.00770712818739368,0.0063058321533221,0.00912686232717673,0.0533161153380401,0.0298979377188061,0.020457997543561,0.00625255925420243,0.00625255925420243,0.00505161037305989,0.00796600097290214,0.00720403566245063,0.00552309400787882,1.05607521648081,0.319712542700687,0.0404689888997702
"21","Choline",1.9610165861442,2.54382087540182,3.4349084411808,51.9876344117071,41.7641543134325,41.2799512981361,53.9499048962827,22.2603679056616,12.2506843737602,27.7240006416057,11.6138064081155,7.92521065482096,17.8225749421779,4.02894479794442,3.58837757627026,3.49265221084038,5.14974293715457,4.66921796243214,5.34875999377772,6.78628768379943,8.3065633774067,8.31052653988738,10.4690696751331,10.850712719019,11.1219892354107,10.1129170600213,15.4787993729746,11.2936535914447,35.275396632281,35.9845693460108,39.3475207343131
"22","Citrulline",0.572396874340956,0.36655245761934,0.582395642677054,1.8178102373216,2.23438324937772,1.70198959055883,6.39121802313496,2.6642990307327,1.03159119799114,2.22972948437826,2.13738310248961,1.80644835751389,3.35777013870794,0.393997422240797,0.325595714333288,0.533985324511658,0.678280415982048,0.511749877248668,0.741418367432474,0.931767306981717,1.00589641956054,1.14464002432385,1.42177576053296,1.67600216062278,1.42054687285282,1.50129308180397,1.75136926403051,1.49460990652264,3.55213887965084,4.09513608071552,3.56706224726371
"23","Creatine",0.0600337476063008,0.0367981662649618,0.0402736250256547,0.0327322894811501,0.0156283587346486,0.0354483115829391,1.39843904757026,0.17820664925665,0.145765930259331,0.147926451492589,0.0205884974832401,0.0149309065789004,0.0217840877181685,0.110049940566936,0.0765097289920473,0.135322840123019,0.11652865546076,0.0486279053335283,0.103903224709059,0.11441206089833,0.0856060300265756,0.10474430068189,0.124216838129444,0.0984465599238585,0.117661932069964,0.145378387336736,0.164151054012347,0.0988360075180118,0.127362491325739,0.129098144823008,0.192487683423243
"24","Cys-Gly",1.13809045718484,0.746710933447069,0.808936844567658,33.6807230984185,30.3019557006392,37.2822755048777,3.50990141580278,1.75495070790139,1.75495070790139,1.41528282895273,5.28818535565233,4.01172682152935,4.65360311297405,1.62013919689635,1.51421008727619,0.275038527153004,11.1006139889721,4.75174268654803,3.621246984627,8.62440002614095,11.9014495125316,10.8065385656182,21.6369544129963,18.4900410426166,19.9256588478987,1.33996693412327,33.3224979641204,25.1478768411341,91.8351412899372,45.0963443745671,87.9174940582918
"25","Cystathionine",7.64117925140321e-05,0.0483881226461668,0.0485843090985608,0.119821209846757,0.114919941934451,6.29682369453388e-05,1.30945229219024,0.438311090124841,0.234667377432515,0.80750454329433,0.218105379822166,0.179781591224812,0.303868922061879,0.140316351735492,0.0741178298971444,0.0984013206741068,0.0724700821066313,0.0603676250637157,0.130142363707108,0.217842053191245,0.12516716057423,0.197655199390357,0.168823862016461,0.212378945247613,0.159427489931694,0.141652116746676,0.193164341620438,0.265700606279006,0.281728512469135,0.341600071315654,0.313323130609537
"26","Cystine",0.000106712527075908,7.0015006452519e-05,7.58495903235623e-05,0.265286141794778,0.44575629787888,0.100558504566547,1.59817386571324,0.217005526216531,0.401531013923231,0.853771430007392,0.000175833141204622,0.000133390658844885,0.000154733164260067,2.49569619774302e-05,2.34444188272829e-05,2.57888607100112e-05,3.43851476133482e-05,2.81333025927395e-05,4.07192537526492e-05,3.51666282409243e-05,3.79247951617812e-05,3.69291561479874e-05,5.83898733056857e-05,5.83898733056857e-05,4.717474520124e-05,7.43909443558015e-05,6.72752888087248e-05,5.15777214200224e-05,0.204211589228421,0.000124784809887151,0.251660597238644
"27","Cytidine",0.27663445070225,0.276990603660738,0.312808428921359,3.72151025758816,3.94258606575969,1.93293750993218,46.4504930133881,4.76971631358043,3.06175766588034,9.26719122981616,2.56765280306875,1.78774673638577,1.99983814376253,0.000949672042090384,0.428882078389338,0.397435249332453,0.629638263758995,0.348475575307246,0.00165475862305579,0.0195913523179405,0.0171189250551668,0.0170041576755396,0.0217879798361387,0.0263948908793128,0.0178402580264691,1.17912771165025,2.06993756695667,2.15808203055239,3.54996686835395,3.75725196023952,4.79535403024664
"28","Cytosine",0.547775990412082,0.146119743751357,0.250432762037883,0.863473673225755,0.776637295585071,0.402996650235912,7.98387029606531,1.55114647570275,1.14514432764844,3.2409986796818,0.604654723329922,0.537135903184827,1.22326106955058,0.262986074396626,0.625365528238854,0.320080798382993,0.637059217505943,0.257642053318583,0.344747569296081,0.499365093712157,0.700347725951794,0.390146249016028,0.540149615187448,0.43593960266429,0.264626841323751,2.90228006051763,1.51717209528139,0.967074460116932,0.969630745156545,1.78477901073747,1.10030539995667
"29","Deoxyadenosine",0.211049509189712,0.212477352965788,0.262818027760299,0.884185103594312,0.44820719182686,0.224334301162761,28.9316717169288,2.08103532467226,1.32912185966489,11.5849414534815,0.377609330833762,0.292508462905572,0.425696452920929,0.0555662886185089,0.10923512916924,0.0703573291728269,0.0468771261169783,0.0525382606599449,0.0439063994768952,0.0550275626869627,0.114131088659694,0.102350559823914,0.0771924558707474,0.044236530467347,0.057148521374713,0.216326406086377,0.225588945541091,0.148831250267924,0.149326258811351,0.420784963591561,0.242795935072032
"30","Dimethylsulfonioacetate (DMS-Ac)",0.798785024984191,1.31562762481321,1.42620719138962,0.479973876362977,0.412914481077929,0.401163024261155,9.29993077375224,12.2958721962908,3.02510501808442,4.57058101945026,2.00641472126047,1.64837602604593,2.26690813149391,0.211678830223533,0.161322422228067,0.26883404253339,0.173578427378557,0.111016277214797,0.200601552835072,0.1874645161629,0.121768131451861,0.153208708434451,0.227777714205519,0.182303751615047,0.196420170524312,0.199179244171189,0.180282528535162,0.181803969781201,1.51751002816835,0.90713021925616,1.18434181913056
"31","DMSP",7.38476482115214,12.4433359730166,12.0567220385026,1.79536233244086,1.55335304669239,2.95113577585171,42.2241081574624,21.171433740598,17.4217757658673,76.1639284328188,110.197679779773,111.747480905732,112.568325568742,0.623549756351732,0.900897070275699,2.93369167771592,3.75558744125007,2.64049096876908,9.32413117866496,5.16989990609571,3.3681970754815,3.24253588122516,9.23471624525984,15.3631569356501,8.65930262134984,6.81975740843113,1.93283800992512,8.21893541201778,26.3565728834484,29.5546756083108,14.0273151782012
"32","Ectoine",0.0661281387351394,0.0836889998218574,0.128054280822373,0.0610337034107418,0.0838335724642472,0.0258976854913901,1.1785588906956,0.682591560369857,0.341906158271848,0.898275282108297,0.376590858105186,0.222315203399257,0.433989908123617,0.061693290065093,0.0491849491617473,0.218837252519635,0.0582788646206244,0.0386864348335599,0.0744259115347735,0.0817670252089387,0.063889707933851,0.0768401854924615,0.09486212931976,0.0911540657076993,0.0766125526078926,0.111455844282121,0.125215791687541,0.113529337815627,0.25691185432566,0.20178041898855,0.18161488900403
"33","Glucosylglycerol",4.14695152311121,12.4784695151939,11.7835701870464,428.50756320484,267.930743970863,294.975638864073,280.626562534534,110.066169096887,94.4275850188989,147.109461971239,92.3202373480172,81.5875385909525,113.35762886273,35.3425771697399,26.4080252058667,26.7172683755589,37.5625703282842,49.4478195558911,49.899940949898,81.591453317607,58.3999246187076,102.094658109501,142.175550494734,102.312252688053,144.577618072015,163.588149276589,253.842839612357,322.788350205391,618.519592968722,722.263358247423,395.933903564196
"34","Glutamic acid",6.34496408544941,12.5513864991349,12.9840573507085,132.893433413125,92.4162271529588,77.9512329644359,229.25240947666,77.2224489255859,53.5317046271307,83.7532487115039,141.00174699374,131.398043531531,169.468608473593,22.7343437729127,16.5000133834706,29.4831950234527,66.0639982262673,31.1888398723829,60.0291791477963,56.1080022432347,66.9464748130512,78.3039811931545,132.480666549549,129.582544764717,131.864052296581,95.310562898594,91.7208604807345,118.193711933588,253.285803584392,244.630855054893,328.996374076287
"35","Glutamine",4.03545199159866,7.82308011591544,7.13452324077143,349.207256257848,270.436976689389,296.810479989824,143.230421898862,41.6842638429631,28.653282250744,50.3704897308297,325.089112290699,308.853903860111,456.585722012887,22.5311546944401,19.2032966761767,25.4830338330975,39.4358494649723,22.1566720004147,42.3222879278728,33.5787309158221,44.5136933330836,47.3654101067102,77.0292979381547,91.2257966038395,76.6081918602381,57.8181893782032,66.3530982721315,84.1067709035385,483.773152702847,408.674567073669,533.738615138397
"36","Glutathione Disulfide",0.000533012124336843,0.404594496046544,0.286594972163353,23.053616915962,19.0356674748905,4.45259151784593,28.8282642946346,6.20549875488471,4.24146812040182,11.4899782780886,4.53543118058749,5.34586833901319,9.84489007958358,1.7153066389589,1.13706766553887,2.0521372372104,4.64654355395256,2.06317342910337,4.89905349217407,4.00285740473494,4.81950589492185,6.11473912924035,12.7674588359677,10.2296936486052,12.0852886257216,4.97859244350652,6.31811034926823,8.8967141912846,38.5454583622051,27.1460638272565,63.369135026618
"37","Glycerophosphocholine",0.359679890865192,1.23641925798288,1.31371538842065,134.684063239895,108.532331979278,106.857267752551,57.8529968119687,16.1056192325782,15.4639470321884,23.0119982368118,34.2140666579226,33.1672805125936,49.8747997118306,14.0620976694328,9.5497296558,13.341497349859,25.0571512055572,18.5534779884001,25.3025405563059,37.9763392231928,34.2009945969672,40.518419433381,49.7596891946499,48.1736892770842,58.9959178353037,48.5557123604835,58.8307361880311,68.5874638100358,173.33292708717,165.810948114554,157.970888575999
"38","Glycine",1.93929268847365,1.00117148205185,0.874434688007253,4.57894328061186,2.92335843038001,2.9804427266483,12.3111287228294,3.49047701591972,2.59790760282853,4.53534742968508,5.16348594432861,6.34432769372,5.67763839808329,0.451762356920285,0.488482677559837,0.551886212447266,0.928240514090061,0.61149051857462,0.93503308456142,0.92000987688202,1.22697088583928,1.30191978749275,1.74650903095355,1.65975528891543,1.79148986167415,1.96416098361146,2.27470058739867,2.00725497426873,7.9118448092325,7.00336761554153,11.207838927736
"39","Gonyol",5.79842961895641,7.21782230738039,12.0541269512502,10.7412669095618,8.78865820043578,7.83307225470591,151.204674752428,158.649701877507,70.0849717981366,96.0849600129075,4.2683086824039,4.37939944229773,6.0059578978605,3.53512402176909,4.10353570918361,5.22943706231631,4.17398155455842,3.07854655406163,3.35608082145017,3.25441241887942,3.33197639578015,4.23154987396232,5.59333858629977,2.80960611362399,5.11776165348856,5.46460392677601,6.28446479862861,4.89620351931803,12.0134692967799,14.3094494903266,12.446379313314
"40","Guanine",2.21212132526054,1.60937837589098,1.81383269901209,1.93380999574249,2.49002587100828,1.68140045367665,44.2878844970267,48.5479733842586,14.5977803029963,12.9838928405959,2.84038305567716,2.06393226381576,3.37803156675553,1.70515298521477,1.78019356972563,1.96111705285982,3.09574190994838,1.76164967726422,2.33310640363013,1.89571642398136,1.39291136385737,2.07091512358404,1.99487074258476,1.60691127657005,2.06270903898907,2.62932994517073,3.31482821192502,2.23924210561389,3.52247652196171,4.80512336473875,3.40536013890322
"41","Guanosine",0.341604152459519,0.381533749314005,0.409259641882695,8.60454252299097,12.0440956788259,4.08799629659011,184.268833580934,17.1072081032415,15.0495949831106,35.2980600021978,4.59720566072818,3.2976397765065,5.19414962906761,0.515290961677613,0.60221756478819,0.406589286459936,0.617347614372495,0.526623117361436,0.643486491564749,0.83076240817922,1.19783598824522,1.21786642552852,1.16395442292151,0.800584002126953,1.48255173736686,2.56643062854918,4.19306116969999,1.76066814290475,2.23489375771149,4.6554158292882,4.41115243001547
"42","Histidine",1.64889271583365,0.582316352290011,0.603438596110274,9.59714589890212,8.94203332675957,9.25444883869748,36.7810906730314,9.04322394267264,6.00271058711144,14.8781655305865,3.87675581978241,3.85350950582761,4.79969479148411,0.973388979964516,0.973521660374831,1.17140639180396,1.14908949261432,0.801482676816585,1.2227818831428,1.23612679179241,1.52950242300244,1.64855875984386,2.14245277197999,2.09239696398823,2.0229929353731,1.51439282014061,2.17041795067763,1.98143672650533,12.3836809903382,11.4818377980133,13.6255331711689
"43","Homarine",1.15133191448449,2.06717730901714,2.08452504190015,13.4803690811889,13.2328032369092,10.1375136362957,61.781477160315,24.517147599183,13.2836036681921,16.1307470715366,41.7880291001946,34.150102931793,58.6963625684254,5.11650137710341,4.68595696648235,4.81692351045841,8.68755472054281,4.66661564783017,7.46163594736721,8.87782250096455,8.00681150217163,8.50127959885492,12.3466283892044,10.5783031127426,12.4991264285092,13.1170649156179,14.1645098723991,10.7321584407449,45.2251801291412,38.6110012724624,38.0942426242781
"44","Homoserine",1.99227138325654,1.02673615816755,1.16094471054456,17.6068271313918,15.6753071322866,14.2498491124382,2.99050010293457,1.65224307324343,1.60444632060547,2.22024431599626,36.8390547325342,30.6693456054399,39.9859610049148,5.26557067850533,3.62690727381662,5.02353350559577,6.98869221122021,5.04645786401024,8.68430775294422,11.0181432562134,9.90199751625676,13.0945425834735,16.1392238414123,22.3236343109244,15.4958463542887,15.8886914225693,16.24036257029,20.0979270158148,65.9182259540021,52.2800827742216,39.7873394871974
"45","Hypotaurine",1.9840238344806,5.18996664063439,6.06929353291732,13.0703379532995,16.2379672482819,15.4473603118977,191.745520502094,72.1612740265481,41.3133898188716,134.273614153404,88.3657225892359,78.6131357087575,74.5297843419277,9.76994015718365,6.25008841852541,10.8977297388333,8.50157312147404,4.73806018922736,7.80864585415575,10.6870612913664,6.30717078089516,9.81249152246024,16.0548147839912,17.9122939484346,14.8321047618395,32.8921682571061,23.010426184374,30.7205932950592,51.5326968840387,42.1716116950358,19.5072748899299
"46","Hypoxanthine",0.294129420059648,0.809730967682083,0.632777575489623,10.8855779653398,6.52292767451873,4.50018116666398,36.888982661721,8.18053495899483,4.0134536213014,9.2143182206092,2.10800306321462,1.26345234262472,2.36167053989029,0.835857790586031,0.813468665412054,0.570418136784712,0.39186839088008,0.469860463074502,0.449744491247625,0.545011267119564,0.929575885408694,1.01295376442472,1.22834309713019,0.582063308954993,1.24405731832049,1.05066560534681,4.18240888875352,2.2299893561829,2.50987949730593,4.83575550467496,5.0412805553669
"47","Lysine",1.64054856251742,1.07637801613134,1.16607618414229,59.8567229723266,124.682798346224,88.3622833912405,86.5199587963297,15.1467916622487,23.2161041594369,29.4375003569597,15.6271373482868,31.3969186023746,23.3044098930793,6.47600551329049,2.16113240697987,2.75173303414859,2.62740745583702,2.03903117354235,7.19469132090836,8.82333418516633,3.79500688497906,12.5706567499053,5.91323782789915,12.33478458032,6.53235039046719,0.687739748652875,6.58849450208306,13.4536031497192,147.474471521884,57.3849893054001,107.007893954074
"48","Methionine",0.0685937746249129,0.303239491100143,0.208147929513115,16.9173354861485,14.6806856825029,10.8953064002068,37.7718012824888,4.67746202489915,2.40084257193537,15.6882850718683,6.70241018213567,5.36808803820105,9.82413944601515,0.597552490198161,0.749925990090085,0.85206546983983,0.940921957013116,0.505918815682362,0.685810384367913,0.38165983544879,0.763114071487222,0.989197957268413,1.24655903900775,0.641095544680241,1.31402214566949,0.568769886507037,1.22139072676308,0.653212876827731,14.8936806572918,15.727498292848,20.3309024280544
"49","Methionine Sulfoxide",0.12010511492094,0.168430235644585,0.149401597090924,17.704039661586,10.8470892194542,15.0449893672264,10.5662784548277,2.12510628646708,1.47989558580867,2.26363433901954,3.06088202710964,2.9245236392368,3.67863527821032,0.490880960136892,0.374822073915253,0.300503137975146,0.385903352979264,0.282125694858602,0.49256775120051,0.451860392495861,0.607397917009026,0.500472961582252,0.731868524086115,0.841046707053949,1.0432861033806,0.886015314192469,1.52576863263544,1.98402332883171,21.663147082599,12.1027874421979,28.6002406824985
"50","Methylmalonyl carnitine",0.00749986696607141,0.00492072719493373,0.00533078779451154,0.0727862298812478,0.0275182581504859,0.0487519724234897,0.0158080723592464,0.00485012699555299,0.0075867930818344,0.00200896317377649,2.69313850451602e-06,2.04307058963284e-06,2.3699618839741e-06,0.00175400114529089,0.00164769804557629,0.00181246785013392,0.00241662380017856,0.00197723765469155,0.00286179134231672,0.00119065269167755,0.0032537834047932,0.00302103962273421,0.00446061705248255,0.00450121047509145,0.00598808442552509,0.00411002663894944,0.0106550807216128,0.0161924327775893,0.0558614350499574,0.0398044463585411,0.0532335217314819
"51","Muramic Acid",0.0715492611357005,0.0469440853605275,0.0508560924739047,2.39442758048013e-05,0.0177756124406895,0.029029561100225,0.252587207693817,0.0157471924257856,0.0416756824779792,0.0836372781465716,0.00321027435972009,0.00243538054875317,0.00282504143655367,0.0167332949430267,0.0157191558555706,0.0172910714411276,0.0230547619215035,0.0188629870266847,0.0273016917491489,0.015797867220398,0.017036915629841,0.016589645768437,0.00974714543886077,0.00974714543886077,0.00787498030883568,0.0124182381793178,0.0112304067012961,0.00860997847099367,0.176073150776215,0.127858493578071,0.159809622323353
"52","N-Acetyl-Serine",33.8631331048873,22.2178927611252,24.0693838245523,113.567340359729,238.879182012502,200.874984459299,98.6648432756518,73.7086387417388,22.210524758121,119.134521841161,21.3176402679372,16.1720029618834,18.7595234357847,7.91960371001397,7.43962772758888,8.18359050034777,19.8344763219887,33.0807337728638,42.0041548051794,77.9690530474916,21.8947916321898,38.7171767437523,28.5035305485226,28.5035305485226,23.0287670590198,36.3145942084543,32.8410243276457,25.178118651195,115.655382952371,61.5044808099637,133.939533826694
"53","N-Acetylglucosamine",0.0641524229072626,0.0900071991749541,0.119938862116042,1.02680105433164,0.709563988269923,0.448307151493411,7.61571677840576,0.534902700581174,0.265150982586246,2.61472041185592,0.304689416636418,0.269083413373106,0.218365969136324,0.490877965783141,0.572707835988038,0.534604311694895,0.419164454528384,0.406435874418371,0.448534900063291,0.292972992395489,0.636812023852395,0.695260862819726,0.615860954949559,0.404948087158413,0.740473640473371,0.470777800600517,0.711834127363949,0.660021629091885,1.09777615218593,1.60850373843865,1.87425701582551
"54","N(e)-Acetyl-Lysine",0.0650865603100239,0.0771291292474812,0.0657883211847972,0.0103791947642818,0.273713836917913,0.256896009815269,0.213823064739808,0.0894574342787624,0.0765497143049851,0.39714386733506,0.749269155697539,0.635014500190388,0.655089963461556,0.0153911624258278,0.0184658091840456,0.021360848028148,0.0326401508435816,0.0221324826651419,0.0319866289851409,0.041614418315196,0.0539437807788783,0.0507625027999696,0.0705991322203294,0.0629159348398507,0.0568715900661953,0.0767546500149521,0.0636330606931436,0.0614484488721502,0.379371477308017,0.236397445741072,0.281547656509306
"55","Ophthalmic Acid",0.0775991729971807,0.0275948251902925,0.0326936347145286,0.12836398022839,0.161350116334532,0.115149539741507,1.06816997536153,0.136430797273344,0.15442592372861,0.444649309705397,0.146473630265071,0.139763477669642,0.190413829656362,0.0432226045528715,0.0273644286623013,0.0376125356236261,0.0765541805340453,0.0497181071728782,0.0827720603391676,0.109009900553812,0.0826866352015041,0.114550704668591,0.139521724592023,0.148083611260633,0.122850574844238,0.144213762395304,0.173484723126839,0.150786672362832,0.233274475481251,0.221373114827875,0.245496843850264
"56","Ornithine",3.65735551297769,2.3996223953926,2.59959092834198,29.0861474166767,45.7958048578353,37.3287745983054,12.5205773749465,5.62785656386983,14.3146069185872,6.38758419286683,11.1728854436799,26.5469856182629,15.5621405855582,4.13745720050112,0.803509923305704,1.47459404394333,1.17848122084837,0.964211907966845,1.39556986679412,5.67321532530189,1.94720033655098,6.86268767717706,3.42001972984009,10.1716445013337,3.50454470958859,1.87636917127117,1.69689038097567,1.30094929208135,102.57152826987,40.3012424995326,70.270294601948
"57","Proline",4.9944574153569,8.15607749484347,7.21431263823251,23.6021830877184,22.7079633145173,26.5896155757228,64.257378288197,30.559829907251,11.0259372968592,27.8283780818154,655.967768803191,569.095096205005,801.054768978597,33.107512458418,31.5686694804066,41.3738870310261,87.0371575761316,56.9367919666834,90.9908406471565,78.5168546701218,104.133912008286,108.478950980712,183.637139668514,193.052815240478,170.173834199218,147.941299461262,160.334770026126,170.979822557332,489.979952642087,419.168926720994,499.029172264812
"58","Propionyl-L-carnitine",0.0536605720144237,0.0340561402061507,0.0378548218571949,0.121607686522143,0.116014447695156,0.0912770936709018,0.64766892475604,0.205902152628446,0.15533699704311,0.242457956904421,0.0308740701794329,0.0240031260799646,0.0333845330931286,0.0119826042062692,0.0129001914953915,0.0107195982003882,0.0200086485627469,0.012166482879881,0.019528398225731,0.021491485441255,0.0243078273265048,0.0220236567842839,0.0650291061978185,0.0674433808870764,0.064080587287221,0.0671203071867667,0.0719210279493878,0.0535274552119858,0.0996101822958774,0.0536532267697485,0.095920246168232
"59","Serine",3.50849997227212,1.80813909828558,2.04448777359694,12.0871817118361,12.0820738322694,9.54274059192284,43.3563193223204,10.5439945618347,7.3461143030383,14.8895714055809,13.0953542527033,15.4257891223422,14.5524875459982,2.63343952946475,2.10761159671541,3.30679473097075,4.50508798361034,3.11300336991571,4.61154827240031,5.1760752885908,4.7843842179886,6.09770825354155,10.1669444987141,9.73337628258858,9.04419195786077,9.52303759813652,7.53863964684675,9.39075103392214,31.7628160641012,24.2518552436788,23.1814845391827
"60","Stachydrine hydrochloride",0.16711609044599,0.167640585372287,0.235183811597543,0.0942799915304456,0.0903113071120821,0.0896643786308773,5.20794620537905,0.752335603208087,0.282015192332813,0.840631382265422,0.0912640464176462,0.0864501667915364,0.12045862613461,0.102764490033234,0.0736467091880427,0.170894527275999,0.0932261358799573,0.0544008857442261,0.110346922788605,0.0640115916375658,0.0690321086287474,0.0672198098341979,0.147075578095038,0.147075578095038,0.118826305473125,0.187379943246082,0.169456644326892,0.129916760650617,0.127018304684716,0.106955929317257,0.109309773595352
"61","Thiamine monophosphate",4.0815666669901e-05,2.67795098060436e-05,2.9011135623214e-05,0.0501899028731439,0.0622774000173006,4.93189305594637e-05,0.000118365433342713,5.91827166713565e-05,5.91827166713565e-05,4.772799731561e-05,6.72530871265414e-05,5.10195833373763e-05,5.91827166713565e-05,9.54559946312201e-06,8.96707828353886e-06,9.86378611189274e-06,1.3151714815857e-05,1.07604939402466e-05,1.55743991240412e-05,1.34506174253083e-05,1.4505567811607e-05,1.41247533821853e-05,2.23331006307006e-05,2.23331006307006e-05,1.80435111802916e-05,2.84532291689214e-05,2.5731615944068e-05,1.97275722237855e-05,0.0997400596702693,4.772799731561e-05,0.0436499091798478
"62","Threonine",0.982803674540657,1.0425585008502,0.959154543265564,64.8063013304485,45.7217331044182,41.5836819467966,47.9485337418995,9.39390019268452,8.66440832060579,16.1244667737611,13.179445395876,15.9068174147452,21.1379446507204,3.7081605316809,2.98711643511466,2.71321236302913,7.60620927539296,4.13219029219675,7.71745815420946,7.59081341247362,9.07183789550358,11.5482482348176,12.9367411170645,13.0739523446599,13.2654584053784,6.90508553208974,10.0098451966637,12.8658359999925,82.1981031212989,73.512726860007,117.340581286518
"63","trans Hydroxyl proline",0.109610624479249,0.0611956508246291,0.0492100535746096,0.648493666390721,0.948376255889677,0.866576319819797,1.61389250863881,0.616954411833555,0.159243717940498,0.487998972568196,0.575111211942169,0.53278234305338,0.590442071054751,0.0886309272744607,0.0719112503836177,0.124925947932619,0.125921703195899,0.0865525110189067,0.167883070991725,0.17108922997197,0.168607816109352,0.215653592317236,0.331726363006798,0.442167172805254,0.371860500664788,0.480108235022794,0.430410315544988,0.654064460854784,1.46360598209223,1.12412038081193,1.40913691430348
"64","Trigonelline",0.247852005721288,0.162617831808085,0.176169317792092,5.42758264605222,6.04704877369515,5.057510933653,10.5803550378912,3.87481536264684,3.20648322900291,3.56271599836154,0.370122239413057,0.28078238852025,0.32570757068349,0.0579653884348175,0.0544523345902831,0.398038225057051,0.622667696230934,0.525708369851819,0.759528719278309,0.0357075629238604,0.0385081560943593,0.0374972021157484,1.44688709702003,1.44286575464715,1.3904152573317,1.68808833884101,1.86928523172195,1.77813828126805,7.13236144062016,5.70973600002825,7.58840091017005
"65","Trimethyl-L-lysine",0.022525428090951,0.0787340607362609,0.0449943196307192,0.254920636452031,0.266085616930807,0.217030102536802,1.48565026059565,0.507193383201619,0.398471298782938,0.574098300296199,0.101317599203837,0.102320883172774,0.180792096396207,0.0388142174756416,0.0291106736957491,0.0315803686083923,0.0368269347749473,0.0291813390124578,0.043683300152769,0.0591539451749478,0.0300210807605961,0.0659319621176438,0.0673945055976158,0.0919988844184741,0.0600176948658197,0.0741229839802605,0.112166749409193,0.108088052053822,0.310170969492198,0.243890410133219,0.230526482316017
"66","Trimethylamine N-oxide",0.143293720761286,0.251228696160351,0.291748375710781,0.765966951166172,0.736228095488949,0.702413608456629,3.75722518049349,2.81216285563671,0.999383032557617,1.50588809564717,0.394385190736472,0.306612207173779,0.476224223949012,1.14058756443645,1.11149172058282,1.67079665380699,0.599186167546691,0.272001263913565,0.550071023417661,0.823224763064292,0.533735118151331,0.675335096362115,0.764695073547501,0.599235635101137,0.742364964703442,0.54046388939964,0.621807149517499,0.472070912580125,1.50826472651439,1.07606636481313,1.54278453767973
"67","Trimethylammonium Propionate (TMAP)",0.116676766044423,1.06169211724066,1.35579753825282,4.62284484823848,4.54218196236605,5.92826576693411,43.9501257991889,18.1745346019779,8.66947565128803,27.7258102363106,4.24692282932616,3.01434885438537,4.85090048570219,2.08637457176684,1.4947215840838,2.34606942954757,2.41498227271179,1.60323360559813,3.07084536871771,3.86183398231068,2.67419876344237,3.41034653149198,3.89667095597794,3.40254329705794,3.21863795603843,3.73040215086189,3.51001126481285,3.54379779663139,6.85819647535576,5.85416199866835,6.0807406273061
"68","Turicine",0.0173529970319228,0.0115000151367418,0.00934249330000221,0.016491678156048,0.0161125293400801,0.0191091147600039,0.0236778274848801,0.00993219468243525,0.00996324960959565,0.0989748618852343,0.0356079347083183,0.0290106042403182,0.0375627576581785,0.0196699596969934,0.0190930062258988,0.0355805197026532,0.0251843309949842,0.0151187294352244,0.0295040868899192,0.0192631899087797,0.00650550570719731,0.0207730427546936,0.0327464312650343,0.0326155303134846,0.0323289950850989,0.0398462562656608,0.0598828296988415,0.03732466173942,0.00943972576889812,0.00962557490447087,0.00760432973096615
"69","Tyrosine",0.436757914004165,0.728762891654161,0.740446096899013,32.80063822797,27.6052816405326,18.2932728442282,106.637485494434,13.4410359435585,3.77285912037305,38.3933190202537,13.3522793371423,10.3003256767259,19.4636208949055,3.57314007959907,3.25291690221122,3.6903918054861,5.60836158050668,2.82820441359248,4.85599442104578,5.0717025917485,5.69839542774789,6.53427323335569,8.40617918833149,6.66077457290604,8.98057798363761,5.43482711664038,7.40405327848007,5.36344701613278,25.1791743269765,25.109938669004,30.829490372871
"70","Vitamin B3",0.156822210290218,0.218069462599502,0.316816732807664,15.0006159899429,9.4715061009583,6.98014916486952,26.4874501103615,5.86723585987323,4.18210773341598,8.65117400752759,1.3675989282783,1.03566222786742,2.24570238454225,0.708771067374323,0.638005757720244,0.493735885359598,1.53078053769725,0.793156818069456,1.27756925872613,1.60033657794958,1.98550652430231,2.04424071606806,3.1279944993745,2.24970618365825,3.60625248701085,3.86040556248323,5.07320787943925,3.29900544855075,8.99308246479849,8.25629290041133,10.6715887997618
