"","[Clostridium] saccharolyticum WM1","[Ruminococcus] gnavus ATCC 29149","Acetobacteraceae","Acetobacterium woodii DSM 1030","Acholeplasmataceae","Acidiferrobacter sp. SPIII_3","Acidihalobacter prosperus","Acidimicrobiales","Acidimicrobium ferrooxidans DSM 10331","Acidithiobacillus","Acinetobacter sp. NEB149","Aequorivita","Agarilytica rhodophyticola","Alcanivorax borkumensis SK2","Algibacter sp. L3A6","Aliivibrio fischeri ES114","Alistipes","Alistipes communis","Alistipes sp. dk3624","Alloprevotella sp. E39","Alphaproteobacteria","Alteromonadaceae","Alteromonadales","Amoebophilaceae","Anaerococcus","Anaerocolumna sp. CTTW","Anaerohalosphaera lusitana","Anaerotignum propionicum DSM 1682","Anaplasmataceae","Aquaspirillum sp. LM1","Aquicella","Aquicella siphonis","Aquimarina","Aquimarina sp. TRL1","Arcobacter aquimarinus","Arcticibacterium luteifluviistationis","Azotobacter chroococcum NCIMB 8003","Bacteriovoracales","Bacteroides helcogenes P 36-108","Bacteroides xylanisolvens","Bacteroidia","Bdellovibrio","Beggiatoa leptomitoformis","Bermanella marisrubri","Bifidobacterium adolescentis","Bifidobacterium pseudolongum PV8-2","Blautia","Blautia sp. LZLJ-3","Blautia sp. SC05B48","Borreliaceae","Borreliella garinii","Brachyspira","Bryobacterales","Caminibacter mediatlanticus TB-2","Campylobacteraceae","Candidatus Aquiluna sp. 15G-AUS-rot","Candidatus Carsonella ruddii","Candidatus Desulfovibrio trichonymphae","Candidatus Endolissoclinum faulkneri","Candidatus Filomicrobium marinum","Candidatus Fokinia solitaria","Candidatus Hepatoplasma crinochetorum Av","Candidatus Izimaplasma sp. HR1","Candidatus Kuenenia stuttgartiensis","Candidatus Mancarchaeum acidiphilum","Candidatus Nardonella dryophthoridicola","Candidatus Nasuia deltocephalinicola","Candidatus Nitrosotenuis","Candidatus Nitrotoga sp. AM1P","Candidatus Nucleicultrix amoebiphila FS5","Candidatus Pelagibacter","Candidatus Pelagibacter sp. FZCC0015","Candidatus Pelagibacter sp. IMCC9063","Candidatus Pelagibacter ubique HTCC1062","Candidatus Phycorickettsia trachydisci","Candidatus Puniceispirillum marinum IMCC1322","Candidatus Reidiella endopervernicosa","Candidatus Ruthia endofausta","Candidatus Solibacter usitatus","Candidatus Thioglobus","Candidatus Thioglobus singularis PS1","Candidatus Thioglobus sp. NP1","Cardiobacteriaceae","Cellvibrionales","Chitinophagaceae","Christensenella minuta","Christensenella sp. Marseille-P3954","Clostridiaceae","Clostridiales","Clostridiales Family XIII. Incertae Sedis","Clostridium estertheticum","Clostridium perfringens","Colwellia","Colwellia sp. 20A7","Colwellia sp. Arc7-635","Colwellia sp. MT41","Colwellia sp. PAMC 20917","Colwellia sp. PAMC 21821","Colwelliaceae","Comamonadaceae","Conexibacter woesei DSM 14684","Coraliomargarita akajimensis DSM 45221","Coxiella","Cryobacterium soli","Cutibacterium acnes SK137","Cycloclasticus sp. P1","Cytophagales","Defluviicoccus vanus","Dehalococcoidia","Deinococci","Desulfobacula toluolica Tol2","Desulfocapsa sulfexigens DSM 10523","Desulfopila sp. IMCC35004","Desulfovibrio","Devosia sp. A16","Dokdonia","Draconibacterium","Duncaniella sp. B8","Dysgonomonadaceae","Egicoccus halophilus","Elusimicrobium minutum Pei191","Emcibacter","Emcibacter congregatus","endosymbiont of Plagiopylea sp.","Entomomonas moraniae","Epsilonproteobacteria","Escherichia coli","Ethanoligenens harbinense YUAN-3","Faecalibacterium prausnitzii","Faecalibaculum rodentium","Fastidiosipila sanguinis","FCB group","Ferrovibrio terrae","Filifactor alocis ATCC 35896","Flammeovirga","Flavivirga eckloniae","Flavobacteriaceae","Flavobacteriales","Flavobacterium faecale","Flavobacterium kingsejongi","Flavobacterium nackdongense","Flavonifractor plautii","Flintibacter sp. KGMB00164","Fluviicola taffensis DSM 16823","Formosa","Francisella tularensis","Francisella uliginis","Francisellaceae","Fuerstia marisgermanicae","Fusobacteriales","Fusobacterium","Fusobacterium gonidiaformans ATCC 25563","Gammaproteobacteria","Gemmatimonas phototrophica","Geoalkalibacter subterraneus","Glaciecola amylolytica","Glaciecola nitratireducens FR1064","Granulicella sp. 5B5","Granulosicoccus antarcticus IMCC3135","Gudongella oleilytica","Haematospirillum jordaniae","Hahella","Halanaerobiaceae","Haliangium ochraceum DSM 14365","Halieaceae","Halioglobus","Halioglobus pacificus","Haliscomenobacter hydrossis DSM 1100","Halobacteriovorax","Halobacteriovorax marinus SJ","Halobacteriovorax sp. BALOs_7","Halocynthiibacter arcticus","Halomonadaceae","Halomonas","Halomonas sp. PA16-9","Hungateiclostridiaceae","Hungatella hathewayi WAL-18680","Hydrogenophaga sp. PAMC20947","Hypericibacter","Hyphomicrobium","Hyphomonadaceae","Ilumatobacter coccineus YM16-304","Intestinimonas butyriciproducens","Jannaschia sp. CCS1","Kangiella","Kangiella sediminilitoris","Kineobactrum salinum","Klebsiella oxytoca","Kordia","Kordia antarctica","Labilibaculum antarcticum","Lachnoclostridium phytofermentans ISDg","Lachnospiraceae","Lacinutrix","Lacinutrix venerupis","Lactobacillus iners","Lawsonella clevelandensis","Legionella clemsonensis","Legionella geestiana","Lentilitoribacter sp. Alg239-R112","Leptotrichiaceae","Listeria monocytogenes serotype 4b str. F2365","Litorilituus sediminis","Luteitalea pratensis","Luteolibacter luteus","Lutibacter profundi","Magnetococcus marinus MC-1","Magnetospira sp. QH-2","Malaciobacter halophilus","Malaciobacter pacificus","Maribacter sp. MJ134","Maribacter sp. T28","Maribius sp. THAF1","Mariniblastus fucicola","Marinomonas","Marinomonas mediterranea MMB-1","Marinomonas posidonica IVIA-Po-181","Marinomonas primoryensis","Marinomonas sp. SM1966","Mariprofundus","Marivirga tractuosa DSM 4126","Massilistercora timonensis","Methanomassiliicoccales","Methylacidiphilum","Methylobacterium","Methylobacterium oryzae CBMB20","Methylococcaceae","Methylomicrobium buryatense","Methylomonas rhizoryzae","Methylomonas sp. LL1","Methylophaga","Methylophaga nitratireducenticrescens","Methylophilaceae","Methylophilus sp. TWE2","Micavibrio aeruginosavorus","Microbulbifer","Microterricola viridarii","Monaibacterium sp. ALG8","Moritella viscosa","Mucilaginibacter gotjawali","Muribaculaceae","Muribaculum intestinale","Mycoplasma","Mycoplasmataceae","Myxococcales","Nakamurella","Neorickettsia","Neptunomonas concharum","Nitrosomonas","Nitrosopumilus oxyclinae","Nitrospiraceae","Nonlabens","Nonlabens dokdonensis DSW-6","Nonlabens sp. MB-3u-79","Nordella sp. HKS 07","Oblitimonas alkaliphila","Oceanicoccus sagamiensis","Octadecabacter","Octadecabacter antarcticus 307","Oleiphilus messinensis","Oleispira antarctica RB-8","Opitutae","Orientia tsutsugamushi","Oscillospiraceae","Owenweeksia hongkongensis DSM 17368","Parabacteroides","Parachlamydia acanthamoebae UV-7","Parachlamydiaceae","Parachlamydiales","Paraglaciecola","Paraglaciecola psychrophila 170","Paraglaciecola sp. L3A3","Paraoceanicella profunda","Pelagibacterales","Pelolinea submarina","Peptacetobacter hiranonis","Peptoclostridium acidaminophilum DSM 3953","Permianibacter aggregans","Petrocella atlantisensis","Phocaeicola salanitronis DSM 18170","Phycisphaera mikurensis NBRC 102666","Phyllobacteriaceae","Pirellula staleyi DSM 6068","Piscirickettsiaceae","Planctomycetia","Planktomarina temperata RCA23","Polaribacter","Polaribacter reichenbachii","Polaribacter sp. ALD11","Polaribacter sp. L12M9","Polaribacter sp. L3A8","Polaromonas","Polaromonas naphthalenivorans CJ2","Polaromonas sp. JS666","Poseidonibacter lekithochrous","Poseidonibacter parvus","Prevotella","Prevotella enoeca","Prevotella oris","Prevotellaceae","Proteobacteria","Pseudarthrobacter sulfonivorans","Pseudoalteromonas","Pseudoalteromonas phenolica","Pseudoalteromonas sp. SM9913","Pseudoclostridium thermosuccinogenes","Pseudohalocynthiibacter aestuariivivens","Pseudohongiella spirulinae","Pseudomonadaceae","Pseudomonas psychrotolerans","Pseudomonas putida","Pseudomonas sp. ADAK13","Pseudomonas sp. CC6-YY-74","Pseudomonas sp. M30-35","Pseudomonas stutzeri","Pseudomonas stutzeri CCUG 29243","Psychrobacter","Psychrobacter sp. P2G3","Psychrobacter urativorans","Psychromonas sp. CNPT3","PVC group","Pyruvatibacter mobilis","Ralstonia solanacearum PSI07","Reinekea forsetii","Rhodanobacter denitrificans","Rhodobacter","Rhodobacteraceae","Rhodomicrobium vannielii ATCC 17100","Rhodopirellula baltica SH 1","Rhodospirillaceae","Rhodothermaceae","Rickettsia","Rikenellaceae","Roseobacter denitrificans OCh 114","Ruminococcaceae","Ruminococcus","Ruminococcus bicirculans","Ruthenibacterium lactatiformans","Salinibacterium sp. dk2585","Salinibacterium sp. UTAS2018","Salinivirga cyanobacteriivorans","Salipiger","Saprospira grandis str. Lewin","Saprospirales","Sedimenticola thiotaurini","Seonamhaeicola sp. S2-3","Shewanella","Shewanella livingstonensis","Shigella flexneri G1663","Simkania negevensis Z","Sinobacteraceae","Spartinivicinus ruber","Sphingomonadaceae","Sphingomonadales","Sphingomonas alpina","Spirochaetales","Spirochaetia","Spongiibacter sp. IMCC21906","Spongiibacteraceae","Steroidobacter denitrificans","Streptomyces albus","Sulfitobacter pontiacus","Sulfitobacter sp. SK011","Sulfuritortus calidifontis","Sulfurivermis fontis","Sulfurovum","Sutterella","Tatlockia micdadei","Tenacibaculum","Tenacibaculum todarodis","Tepidiforma bonchosmolovskayae","Terasakiella sp. SH-1","Terrabacteria group","Terricaulis silvestris","Thalassotalea sp. LPB0316","Thermacetogenium phaeum DSM 12270","Thermoanaerosceptrum fracticalcis","Thermogutta terrifontis","Thermosediminibacter oceani DSM 16646","Thiospirochaeta perfilievii","Thiotrichaceae","Thiovulaceae","Treponema","Truepera radiovictrix DSM 17093","Turneriella parva DSM 21527","Unclassified","Undibacterium","Urechidicola croceus","Variovorax paradoxus EPS","Veillonella parvula","Verrucomicrobiales","Vibrio splendidus","Wenzhouxiangella marina","Winogradskyella","Winogradskyella helgolandensis","Winogradskyella sp. PG-2","Woeseia oceani","Wolbachia","Yoonia vestfoldensis","Zhongshania aliphaticivorans"
"""Meltwater""_A",0,0,0,0,0,0.000436126158334854,0,0,0,0,0,0,0,0,0,0,0,0,0,0,0.000654189237502281,0.00324368830261548,0.000436126158334854,0,0.0356377375096481,0,0,0,0,0,0,0,0,0,0,0,0.00113877385787434,0,0,0,0,0,0,0,0,0,0,0,0,0,0,0,0,0,0,0,0.0489915051196153,0,0,0,0,0.00130837847500456,0,0,0,0,0.137670490647702,0,0,0,0.0031982584944556,0.0282028249056539,0,0,0,0,0,0,0,0,0,0.00755952007780413,0,0,0,0,0,0,0,0,0,0,0.000442388482659662,0.000186911210714937,0,0.00788257649138551,0.00331940464954861,0,0,0,0,0,0,0,0,0,0,0,0,0,0,0,0,0,0,0,0,0,0,0,0.0015991292472278,0,0,0,0,0,0,0,0,0,0,0.000359519650522993,0,0,0,0,0.0508414664879619,0,0,0,0,0,0,0.0138833493736595,0.000654189237502281,0,0,0.00100755218097161,0,0,0,0,0,0,0,0.0532558497788894,0.00745048853822042,0,0,0,0,0,3.63438465279045e-05,0,0,0,0,0.00145375386111618,0,0,0,0,0,0,0,0,0,0,0,0,0,0,0,0,0,0,0,0,0.00203525540556265,0,0.000508813851390663,0,0,0,0,0,0,0,0,0,0.000273846657559094,0.000193833848148824,0,0,0,0,0,0.000218063079167427,0,0,0,0,0,0,0.0954389409822772,0,0,0,0,0,0,0,0,0,0,0,0,0,0,0,0.00072687693055809,0,0,0,0,0,0,0,0,0,0,0,0,0.000223255057242842,0,0,0,0.00200618032834033,0,0,0,0,0,0.000629960006483678,0,0,0.00188988001945103,0.00610576621668796,0,0.001977105251118,0,0,0,0,0.0147556016903292,0,0,0,0,0,0.0201829494384963,0,0,0,0,0,0,0,0.00040705108111253,0,0,0,0,0,0,0.00872252316669708,0.00124229875404474,0.000145375386111618,0,0.000145375386111618,0.32883912338448,0,0,0,3.63438465279045e-05,0,0,0,0,0,0,0,0,0,0,0,0,0.00072687693055809,0,0,0,0,0,0,0,0.00130837847500456,0,0,0,0,0,0,0,0,0,0,0,0,0,0,0,0,0,0.00072687693055809,0,0,0,0,0,0,0,0,0.000581501544446472,0,0,0,0,0,0,0,0,0,0,0,0,0.000415746431309861,0,0,0,0,0,0.00416742773519972,0.0819917177669525,0,0.000436126158334854,0,0,0,0,0.00329517541853001,0,0,0,0.000290750772223236,0,0,0,0,0,0,0,0,0,0,0,0.00247138156389751,0,0,0,0,0,0,0,0,0,0.000799564623613899,0,0.00523351390001825,0,0
"""Meltwater""_B",0.000224815237153569,3.59704379445711e-05,0,0.0013668766418937,0,0.000899260948614277,0,0,0,0,0,0,0,0,2.24815237153569e-05,0,0.000531381469635709,0.00166363275493641,0.000179852189722855,0,0.000629482664029994,0.0011465577094832,0.000337222855730354,0,0.0208885471778116,0.000119901459815237,0,0,0,0,0,0,0,0,0,0,0.00038967974439952,0,0,0.000125896532805999,0.000841861313596345,0,4.49630474307139e-05,0,0,0.000629482664029994,0.000154159019762447,0,0,0,0,0,0,0,0,0,0.040376816592781,0.000179852189722855,0,0,0,0.000629482664029994,0,0,0,0,0.0850700857389106,0,0,0,0.00116903923319856,0.0196938147746527,0,0,0,0,0,0,0,0,0,0.0058451961659928,0,0,0,0.000224815237153569,0.000119901459815237,3.82103553257348e-05,0.000346857794465507,0,0,0,0.000753995718453509,0.000244085114623875,0,0.00502586952392201,0.00134889142292142,0,0,0,0,0,0,0,0,0,0,0,0,0,0,0,0,0.000107911313833713,0,0,0,0.0194914810612145,0,0,0.00188844799208998,0,0,0,2.24815237153569e-05,0,0,0,0,0.00921100143080624,0.000269778284584283,0.000444585537086509,0,0.000269778284584283,0,0,0.0435390912355556,0,0,0,0,0.000539556569168566,0.000359704379445711,0.00773364415808278,0.000674445711460708,0,0,0.00155812540601484,0,0,0,0,0,0,0,0.0318638129458992,0.00514826893081674,0,0,0,0,0,0,0,0,0,0,0.000494593521737852,0,0,0,0,0,0,0,0.000494593521737852,0.000247296760868926,0,0,0,0,0,0.000269778284584283,0,0,0,0,1.12407618576785e-05,0.00152874361264427,0,0.000254790602107378,3.37222855730354e-05,0.000151750285078659,0,0,0,0,0,0,0.000224815237153569,0.000489365260408699,0,0,0,0,0,0,0,0,0,0,0,0,0,0.0659270682952842,0,0,0,0,0,0,0.000404667426876425,0,0,0,0,0,0,0,0,0.000149876824769046,0,0,0,0,0,0,0,0,0,0.00242800456125855,0.0217845964801809,0.00296756113042711,0.00319423874232633,0,0,0,0.00147478795572741,0,0,0,0,0,0.000689433393937612,0,0,0.00125896532805999,0.00339920638576197,0,0.00107911313833713,0.000611497445057708,0,0,0.000419655109353329,0.00719408758891422,0.000141312434782244,0,0,0,0,0.0144181505427822,0,0,0.00242800456125855,0,0,0,0,0.000125896532805999,0.000344716696968806,0,0,0,0,0,0.0061599374980078,0.000311911489869008,0.000149876824769046,0.000209827554676665,0.00247296760868926,0.254778611961397,0,0,0,2.24815237153569e-05,0,0.000467035524925479,0.00248795529116617,0.00223016715256341,0.00172658102133941,0,0,0,0,0,0.000764371806322135,0,0.000269778284584283,0,0,7.49384123845231e-05,0,0,0.000157370666007498,0,0.000719408758891422,0,0,0,0,0,0,0,0,0,0,0,0,0,0,0,0,0.000214109749670066,0,0.000917676435983029,0.00148378056521356,0.000157370666007498,0.000134889142292142,0,0,0,0,0.000599507299076185,0,0,0.000359704379445711,0,0,0,0,0,0,0,0,0,0,0,0,0,0,0,0.0035670684295033,0.0496392043635081,0,0.000224815237153569,0,0.000115619264821836,0,0,0.00236805383135093,0,0,0.000114587267690462,0.000134889142292142,0,0,0.00016186697075057,0,0,0,0,0,0.0009741993609988,0,0,0.212675214347276,0,0,0,0,0,0,0,0,0,0.00058451961659928,0,0.00350711769959568,0,0
"""Meltwater""_C",0,0,0,0,0,0,0,0,0,0,0,0,0,0,0,0,0,0,0,0,0.000888017752855643,0.00691913832433355,0,0,0.0234056107716952,0,0,0,0.00777015533748688,0,0,0,0,0,0,0,0.0019980399439252,0,0,0,0,0,0,0,0,0,0,0,0,0,0,0,0,0,0,0,0.0659353181495315,0,0,0,0,0.00777015533748688,0,0,0,0,0.174717492874348,0,0,0,0.00532810651713386,0.0435128698899265,0,0,0,0,0,0,0,0,0,0.0277505547767389,0,0,0,0,0,0,0,0,0,0,0,0,0,0.00135669378908501,0.00107302145136724,0,0.000799215977570079,0,0,0,0,0,0,0,0,0,0,0,0,0,0,0,0,0,0,0,0,0,0.000444008876427822,0,0,0,0.000222004438213911,0,0,0,0,0,0,0.00103588457019106,0,0,0,0.000999019971962599,0.0311382454527626,0.00134606723994961,0,0,0,0,0,0.0128762574164068,0.000777015533748688,0,0,0.00269262808724793,0,0,0,0,0,0,0,0.0939078773644843,0.0106562130342677,0,0,0,0,0,0,0,0,0,0,0.00177603550571129,0,0,0,0,0,0,0,0,0,0,0,0,0,0,0,0,0,0,0,0,0.00399607988785039,0,0.000148002958809274,0,0,0,0,0,0,0,0,0,0.000743456723321004,0,0,0,0,0,0,0.000333006657320866,0,0,0,0,0,0,0.105812865363705,0,0.000360757212097605,0,0,0,0,0,0,0,0,0,0,0,0,0,0.000592011835237095,0,0.00184434456362326,0,0,0,0,0,0,0,0,0,0,0.00354031084394322,0,0,0.014874297360332,0.000710414202284515,0,0,0,0,0,0,0,0,0.000555011095534777,0.0019980399439252,0,0,8.88017752855643e-05,0,0,0,0.0184263683717546,0,0,0,0,0,0.0222374445610934,0,0,0,0,0,0,0,0,0,0,0,0,0,0,0.0114332285680164,0.000201822216558101,0,0,0,0.230840214854824,0,0,0,0,0,0,0,0,0,0,0,0,0,0,0,0,0.00155403106749738,0,0,0,0,0,0,0,0.00166503328660433,0,0,0,0.000111002219106955,0,0,0,0,0,0,0,0,0,0,0,0,0,0.00111002219106955,0,0,0,0,0,0,0,0,0.00133202662928346,0,0,0,0,0,0,0,0,0.00172053439615781,0,0,0,0.00719543356753124,0,0,0,0,0,0.00148002958809274,0.0190923816863963,0,0.00133202662928346,0,0,0,0,0.00214604290273447,0,0,0,0.000333006657320866,0,0,0,0,0.000444008876427822,0,0,0,0,0,0,0.0133202662928346,0,0,0,0,0,0,0,0,0,0,0,0.00133202662928346,0,0
"""Sea ice""_A",0,0,0,0,0,0.000749852821303576,0,0,0,0,2.67804579036992e-05,0,0,0,0,0,0,0,0,0,0.00224955846391073,0.0060417828883158,0,0.00131224243728126,0.00251736304294772,0,0,0,0.000374926410651788,0,0,0,0,0,0,0,0,0,0,0,0,0,0,0,0,0,0,0,0,0,0,0,0,0,0,0,0.0164967620686787,0,0,0,0,0,0,0,0,0,0.0348681561906163,0,0,0.00103104762929242,0.00674867539173219,0.0410544419663708,0,0,0,0,0,0,0,0,0,0.0373051778598529,0,0,0,0,0,0,0,0,0,0,0.000836374300684758,0,0,0.000604048106050103,0.0019996075234762,0,0,0,0,0,0,0,0,0.000749852821303576,0,0,0,0,9.37316026629471e-05,0,0,0,0,0,0,0,0,0,0.000187463205325894,0,0,0,0,0,0.000535609158073983,0,0,0,0,0.000463522627839602,0,0,0,0.00178090045059599,0.0232566033016024,0,0.000124975470217263,0,0,0,0,0.00431165372249556,0,0,0,0.00168902491927291,0,0,0,0,0,0,0,0.0321186958458365,0.00782658882235608,0,0,0,0,0.000487404333847325,0,0,0,0,0,0.00131224243728126,0,0,0,0,0,0,0,0,0,0,0,0,0,0,0,0,0,0,0,0,0.00362428863630062,0,0,0,0,0,0,0,0,0,0,0,0.000588547272534784,0,0,0,0,0,0,0.000468658013314735,0,0,0,0,0,0,0.0815464943167639,0,0,0,0,0,0,0,0,0,0,0,0,0,0,0,0.00143721790749852,0,0.001903472546386,0,0,0,0,0,0,0,0,0,0,0.000579028362012525,0,0,0.00131224243728126,0.00063737489810804,0,0.000374926410651788,0,0,0,0,0,0,9.37316026629471e-05,0.00686115331492772,0,0.000562389615977682,0.00119976451408572,0,0,0,0.014247203604768,0,0,0,0,0,0.0394297608535464,0,0,0,0,0,0,0,0,0,0,0,0,0,0,0.0202460261751966,0.000783937040453739,0.000312438675543157,0,0.000749852821303576,0.53783193607999,0,0,0,0,0,0,0,0,0,0.00134647653530508,0,0,0,0.000328060609320315,0,0,0.00309314288787725,0,0,0,0,0,0.000234329006657368,0.00149970564260715,9.37316026629471e-05,0,0,0,9.37316026629471e-05,0,0,0.00181214431815031,0,0,0,0,0,0,0,0,0,0,0.00112477923195536,0,0,0,0,0,0,0,0,0.00112477923195536,0,0,0,0,0,0,0,0,0.00328060609320315,0,0,0,0,0,0,0,0,0,0.00412419051716967,0.0268072383616029,0,0.00243702166923662,0,0,0,0,0.000874828291520839,0,0,0,0.000937316026629471,0,0,0,0,0,0,0,0,0,0,0,0.00506150654379914,0,0,0,0,0,0,0,0,0,0.000468658013314735,0,0.000749852821303576,0.000562389615977682,0
"""Sea ice""_B",0,0,0,0,0.000205559407521473,0.0011212331319353,0,0,0,0,0,0,0,0,0,0,0,0,0,0,0.00121466922626325,0.00681694171534277,0.000583975589549638,0,0.0114525955619106,0,0,0,0,0.000130810532059119,0,0,0,0,0,0,0.0035505715844618,0,0,0,0,0,0,0.000124581459103923,0,0,0,0,0,0,0,0,0,0,0,0,0.0212099934124428,0,0,0,0,0,0,0,0,0,0.0327960691091077,0,0,0,0.00252277454685444,0.0243868206195929,0.000280308282983826,0,0,0,0,0,0,0,0,0.0101845342817457,0,0,0,0,0,0,0,0,0,0,0.000743463815175564,0.000360396363836348,0,0.00335331760754725,0.00507669445848485,0,0,0,0,0.000140154141491913,0,0,0,0,2.07635765173205e-05,0,0,0,0,0,0,0,0,0,0,0,0,0,0.00327026330147797,0,0,0,0.000186872188655884,0,0,0,0,0,0,0.00117972389805823,0,0,0,0.000654052660295594,0.0542315126573493,0.000108054184108434,0,0,0,0,0,0.0138752600076994,0.000747488754623536,0,0,0.00259030756552711,0,0,0,0,0,0,0,0.00968620844532999,0.00810558118294897,0,0,0,0,0.00011212331319353,0,0,0,0,0,0.00102779703760736,0,0,0,0,0,0,0,0,0,0,0,0,0,0,0,0.00186872188655884,0,0,0,0,0.0027407921002863,0,0.000700770707459565,0,0,0,0,0,0,0,0,0,0.000704030106098912,0.000128140929364035,0,0,0,0,0,0.000186872188655884,0,0,0,0,0,0,0.150303637238286,2.66960269508406e-05,0,0,0,0,0,0,0,0,0,0,0,0,0,0,0.000778634119399517,0,0,0,0,0,0,0,0,0,0,0,0,9.62004758169344e-05,0,0,9.3436094327942e-05,0.00222377904500502,0,0.000280308282983826,0,0,0,0.00109008776715932,0,0,0.00313010915998606,0.014800277341546,0,0.00222377904500502,0.000280308282983826,0,0,0,0.0194814256673759,0,0,0,0,0,0.0265669961539115,0,0,0,0,0,0,0,7.47488754623536e-05,0,0,0,0,0,0,0.030600320892401,0.000426016318194533,0,7.78634119399517e-05,0.00401775205610151,0.347115090428305,0,0,0,0,0,0,0,0,0,0.000186872188655884,0,0,0,0,0,0,0.00154169555641104,0,0,0,0,0,0.000233590235819855,0,0.00102779703760736,0,0,0,0,0,0,0,0,0,0,0,0,0,0,0,0,0,0.000840924848951478,0,0,0,0,0,0,0,0,0.000685198025071575,0,0,0.000513898518803681,0,0,0,0,0,0,0,0,0,0.000400814647631078,0,0,0,0,0,0.00984193526920989,0.140808194152209,0,0.000373744377311768,0,0,0,0,0.00535700274146868,0,0,0,0.000140154141491913,0,0,0,0,0,0,0,0,0,0,0,0.00046718047163971,0,0,0,0,0,0,0,0,0,0.000747488754623536,0,0.00476524081072504,0,0
"""Sea ice""_C",0,0,0,0,0,0.00120540214536797,0,0,0,0,0,0,0,0,0,0,0,0,0,0,0.00214293714732084,0.00673574254379234,0,0.000133933571707553,0.00493640878579266,0,0,0,0,0,0,0,0,0,0,0,0.00100450178780665,0,0,0,0,0,0,0,0.000167416964634441,0,0,0,0,0,0,0,0,0,0,0,0.0237062421922368,0,0,0,0,0.00133933571707553,0,0,0.000267867143415106,0,0.0555824322586344,0,0,0,0.00495554215317945,0.0353584629307939,0,0,0,0,0,0,0,0,0,0.0476803515278888,0,0,0,0,0.000401800715122658,0,0,0,0,0,0.00117449439805085,0,0,0.00061014182666774,0.00223222619512588,0,0,0,0,0,0,0,0,0,0,0,0,0,0,0,0,0,0,0,0,0,0,0,0.000535734286830211,0,0,0,0,0,0,0,0,0,0,0.000845581080307737,0.000200900357561329,0,0,0.00207597036146707,0.0310275886289212,0,0,0,0,0,0,0.0059600439409861,0.00133933571707553,0,0,0.00375942253258329,0,0,0,0,0,0,0,0.0284832062498062,0.00977715073465135,0,0,0,0,0,0.000100450178780665,0,0.000267867143415106,0,0.000468767500976435,0.00147326928878308,0,0,0,0,0,0,0,0,0,0,0,0,0,0,0,0,0,0,0,0,0.00236615976683343,0,0.000491089762927694,0,0,0,0,0,0,0,0,0,0.000280326080318134,0.000334833929268882,0,0,0,0,0,0.000803601430245317,0,0,0,0,0,0,0.137700453411828,0,0.000217642054024773,0,0,0,0,0,0,0,0,0.000234383750488217,0,0,0,0,0.00160720286049063,0,0.00278169725854148,0,0,0,0,0,0,0,0,0,0,0.00144790908585621,0,0,0,0.000830388144586827,0,0,0,0,0,0.000446445239025176,0,0,0.000669667858537764,0.00433944772332471,0,0.00107146857366042,0.00107146857366042,0,0,0,0.0108486193083118,0,0,0,0,0,0.0438409224722723,0,0,0,0,0,0,0,0,0,0,0,0,0.000413280735554734,0,0.0252464782668737,0.000389624935876517,0.000223222619512588,0,0.000535734286830211,0.42186396416445,0,0,0,0,0,0,0,0,0,0.000937535001952869,0,0,0,0.000267867143415106,0,0,0.00421890750878791,0,0,0,0,0,0,0,0.000837084823172205,0,0,0,0,0,0.000267867143415106,0,0,0,0,0,0,0,0,0,0,0,0.00241080429073595,0,0,0,0,0,0,0,0,0.00116075762146546,0,0,0.000535734286830211,0,0,0,0,0,0.00395104036537281,0,0,0,0.000319187483975944,0,0,0,0.00107146857366042,0,0.00343762834049386,0.0302689872059069,0,0.00408497393708036,0,0,0,0,0.00156255833658812,0,0,0,0.000468767500976435,0,0,0,0,0,0,0,0,0,0,6.69667858537764e-05,0.00589307715513232,0,0,0,0,0,0,0,0,0,0,0,0.00120540214536797,0.000803601430245317,0.000223222619512588
"""Seawater""_A",0,0,0,0,0,0,0,0,0,0,0,0,0,0,0,0,0,0,0,0,0.0020148619345326,0.0107832425755541,0,0,0.021555824505952,0,0,0,0.00738782709328621,0,0,0,0,0,0,0,0.0022760477408609,0,0,0,0,0,0,0,0,0,0,0,0,0,0,0,0,0,0,0,0.0682814322258271,0,0,0,0,0.00649233290016061,0,0,0,0,0.124025945747896,0,0,0,0.00425359741734661,0.0472373186873755,0.000447747096562801,0,0,0,0,0,0,0,0,0.0378346296595566,0,0,0,0,0,0,0,0,0,0,0,0,0,0.0013432412896884,0.0013432412896884,0,0,0,0,0,0,0,0,0,0,0,0,0,0,0,0,0,0,0,0,0,0,0,0,0,0,0,0,0,0,0,0,0,0,0.00147502591729717,0,0,0,0.0016790516121105,0.0363963338633029,0.00135740011171536,0,0,0,0,0,0.00839525806055251,0.000783557418984901,0,0,0.00356867735379262,0,0,0,0,0,0,0,0.108951793496948,0.00498118644926116,0,0,0,0,0,5.59683870703501e-05,0,0,0,0,0.0013432412896884,0,0,0,0,0,0,0,0,0,0,0,0,0,0,0,0,0,0,0,0,0.00388047483687761,0,0.000410434838515901,0,0,0,0,0,0,0,0,0,0.000656001560080382,0,0,0,0,0,0,0.000783557418984901,0,0,0,0,0,0,0.122962546393559,9.59458064063144e-05,0.000251857741816575,0,0,0,0,0,0,0,0,0,0,0,0,0,0.0017163638701574,0,0.000929936277476586,0,0,0,0,0,0,0,0,0,0,0.00356882443809365,0,0,0.0127607922520398,0.000940268902781881,0,0,0,0,0,0,0,0,0.000447747096562801,0,0,0.00035819767725024,0.0002238735482814,0,0,0,0.0188053780556376,0,0,0,0,0,0.0154472748314166,0,0,0.0002238735482814,0,0,0,0,0,0,0,0,0,0,0,0.0114175509623514,0.000162817126022837,0,0,0,0.237798482984503,0,0,0,0,0,0,0,0,0,0,0,0,0,0,0,0,0.0021267987086733,0,0,0,0,0,0,0,0.00218276709574365,0,0,0,0,0,0,0,0,0,0,0,0,0,0,0,0,0,0,0,0,0,0,0,0,0,0,0.000596996128750401,0,0,0.0015671148379698,0,0,0,0,0,0.00229470386988435,0,0,0,0.00853648670082349,0,0,0,0,0,0.0010447432253132,0.0188053780556376,0,0.0034700399983617,0,0,0,0,0.00395509935297141,0,0,0,0.0002238735482814,0,0,0,0,7.46245160938001e-05,0,0,0,0,0,0,0.0163427690245422,0,0,0,0,0,0,0,0,0,0,0,0.000671620644844201,0,0
"""Seawater""_B",0,0,0,0,0,0.000997744173234421,0,0,0,0.000124718021654303,0,0,0,0,0,0,0,0,0,0,0.00149661625985163,0.0103360060446003,0,0,0.0174605230316024,0,0,0,0.009478569645727,0,0,0,0,0,0,0,0.00286851449804896,0,0,0,0,0,0,0,0,0,0,0,0,0,0,0,0,0,0,0,0.0528804411814243,0,0,0,0,0.00324266856301187,0,0,0,0,0.0850576907682344,0,0,0,0.000997744173234421,0.0446490517522404,0,0,0,0,0,0,0,0,0,0.0446490517522404,0,0,0,0,0,0,0,0,0,0,0,0,0,0.00224492438977745,0.00199548834646884,0,0,0,0,0,0,0,0,0,0,0,0,0,0,0,0,0,0,0,0,0,0,0,0,0,0,0,0.000436513075790059,0.000249436043308605,0,0,0,0,0,0.00225976886056692,0,0,0,0.00386625867128338,0.0400053661776543,0.00208854102257022,0,0,0,0,0,0.0117234940355045,0,0,0,0.00458122633997488,0,0,0,0,0,0,0,0.0431524354923887,0.00592410602857938,0,0,0,0,0,0,0,0,0,0,0.00174605230316024,0,0,0,0,0,0,0,0,0,0,0,0,0,0,0,0.00149661625985163,0,0,0.000249436043308605,0,0.00465613947509397,0,0.000249436043308605,0,0,0,0,0,0,0,0,0,0.000991943335017942,0,0,0,0,0,0,0.000498872086617211,0,0,0,0,0,0,0.166903892478871,0.000285069763781263,0.000748308129925816,0,0,0,0,0,0,0,0,0,0,0,0,0,0.0016629069553907,0,0,0,0,0,0,0,0,0,0,0,0,0.000256815807903535,0,0,0.0169616509449852,0.00174605230316024,0,0,0,0,0,0,0,0,0.000498872086617211,0.00224492438977745,0,0.000748308129925816,0.000199548834646884,0,0,0,0.0274379647639466,0,0,0,0,0,0.0198301654430341,0,0,0,0,0,0,0,0,0,0,0,0,0,0,0.0167122149016766,0.000181408031497168,0,0,0,0.261059762926786,0,0,0,0,0,0,0,0,0,0,0,0,0,0,0,0,0.00249436043308605,0,0,0,0,0.000249436043308605,0,0,0.00199548834646884,0,0,0,0,0,0,0,0,0,0,0,0,0,0,0,0,0,0,0,0,0,0,0,0,0,0,0.00133032556431256,0,0,0.00162133428150593,0,0,0,0,0,0.0024320014222589,0,0,0,0.0155746000499513,0,0,0,0,0,0.00216177904200791,0.0341727379332789,0,0.00386625867128338,0,0,0,0,0.00424041273624629,0,0,0,0.000249436043308605,0,0,0,0,0.000498872086617211,0,0,0,0,0,0,0.00648533712602374,0,0,0,0,0,0,0,0,0,0,0,0.00249436043308605,0,0
"""Seawater""_C",0,0,0,0,0,0.000590541479266463,0,0,0,0,0,0,0,0,0,0,0,0,0,0,0.000590541479266463,0.00329411418903324,0.000553632636812309,0,0.035601214892921,0,0,0,0,0,0,0,0,0,0,0,0.00147635369816616,0,0,0,0,0,0,0,0,0,0,0,0,0,0,0,0,0,0,0,0.0543298160925146,0,0,0,0,0.00132871832834954,0,0,0,0,0.135972175601103,0,0,0,0.001919259807616,0.023031117691392,0,0,0,0,0,0,0,0,0,0.00811994533991386,0,0,0,0,0,0,0,0,0,0,0.000831300697736636,0.000168726136933275,0,0.00770984709042326,0.00278046613154626,0,0,0,0,0,0,0,0,0,0,0,0,0,0,0,0,0,0,0,0,0,0,0,0.0028050720265157,0,0,0,0,0,0,0,0,0,0,0.000446050147259469,0,0,0,0.000664359164174771,0.0502529823338737,0,0,0,0,0,0,0.0103344758871631,0.000516723794358155,0,0,0.00138134083640299,0,0,0,0,0,0,0,0.0504420846873437,0.0084890337644554,0,0,0,0,0,0,0,0,0,0,0.00199307749252431,0,0,0,0,0,0,0,0,0,0,0,0,0,0,0,0.000885812218899694,0,0,0,0,0.00196847159755488,0,0.000565935584297027,0,0,0,0,0,0,0,0,0,0.000803411082257862,0.000177162443779939,0,0,0,0.000369088424541539,0,0,0,0,0,0,0,0,0.0927703755085159,0,0.000110726527362462,0,0,0,0,0,0,0,0,0,0,0,4.92117899388719e-05,0,0.000393694319510975,0,0,0,0,0,0,0,0,0,0,0,0,0,0,0,0,0.00168304321590942,0,0,0,0,0,0.000984235798777438,0,0,0.00155017138307446,0.00779514752631731,0,0.00156493492005613,0.000265743665669908,0,0,0,0.0148373546665699,0,0,0,0,0,0.0197339277654876,0,0,0.000738176849083078,0,0,0,0,0.000413379035486524,0,0,0,0,0,0,0.0120322826400542,0.00140305222084462,4.92117899388719e-05,0,0.000369088424541539,0.335575195593167,0,0,0,0,0,0,0,0,0,0,0,0,0,0,0,0,0.000664359164174771,0,0,0,0,2.10907671166594e-05,0,0,0.00118108295853293,0,0,0,0,0,0,0,0,0,0,0,0,0,0,0,0,0,0,0,0,0,0,0,0,0,0,0.000344482529572103,0,0,0.000442906109449847,0,0,0,0,0,0,0,0,0,0,0,0,0,0,0,0.00659437985180883,0.079132558221706,0,0.000295270739633231,0,0,0,0,0.00374009603535426,0,0,0,0.000442906109449847,0,0,0,0,0,0,0,0,0,0,0,0.000885812218899694,0,0,0,0,0,0,0,0,0,0,0,0.00354324887559878,0,0
"Core_2",0,0,0,0,0,0.0229827624185652,0,5.26322803478592e-05,0,0,0,0,0,0,0,0,0,0,0,0,0.000130523827770293,0,0.00337894129903125,0,0,0,0,0,0,0,0,0,0.000321641713236917,0,0,0.00065790350434824,0.000131580700869648,0.000263161401739296,0,0,0,0,0,0.00128656685294767,0,0,0,0,0,0,0,0,0,0,0,0,0.0354390687675585,0,0,0,0.000350881868985728,0,0,0,0.00043860233623216,0,0.0221932782133473,0,0,0.000131580700869648,0,0.000614043270725024,0,0,0.000701763737971456,0,0,0,0,0,0,0,0,0,0.00327489744386679,0,0,0,0,0,0,0,0.00429155516682544,0.00135340149465924,0.000701763737971456,0.0237430064680343,0.0127194677507326,0,0.00350881868985728,0,0,0.00105264560695718,0,0,0,0,0,0,0,0.00013290979885823,0,0,0,0,0,0,0,0,0,0.00105264560695718,0,0,0,0,0,0.00021930116811608,0,0,0,0,0,0.000265067878244234,0,0,0,0,0.0311105763610284,0.00172455388855566,0,0,0,0,0,0.0230704828858116,0.0035526789234805,0,0,0.000668759997819333,0,0,0,0,0.00642174317117845,0,0,0.00309945650937393,0.030658303302628,0,0.000789484205217888,0,0,0,0,0,0.00114036607420362,0.00324565728811798,0,0.0587727130551094,0,0,0.000482462569855376,0,0,0,0,0,0,0,0,0,0,0.00021930116811608,0,0.00745623971594672,0,0,0.00114036607420362,0,0,0.00754396018319315,0.00422520250570314,0,0,0,0,0,0,0,0.000233921245990485,0,0,0,0.000298249588637869,0,0.00526322803478592,0.00342109822261085,0,0,0,0,0.00649131457623597,0,0.000833344438841104,0,0.00362943433232112,0,0,0.00107457572376879,0,0.000175440934492864,0,0,0,0,0,0,0.00786351331387658,0,0,0,0.00347957853410847,0.00754396018319315,0,0.00105264560695718,0.000789484205217888,6.41857077412917e-05,0,0,0,0,0,0,0,0.000270187195713598,0.000181938746881489,0,0,0.00378952418504586,0,8.7720467246432e-05,0,0.00473690523130733,0.00087720467246432,0,0,0,0.0157458238707345,0.0563691722525572,0,0.00512287528719163,0.00312284863397298,0.000210529121391437,0,0,0.0210090519055205,0,0,0,0,0,0.0958492305446014,0.0244038339879574,0,0,0,0,0,0,0.00157896841043578,0,0,0,0,0.0428877895863127,0,0,0,0,0,0,0.124071828873353,0,0,0,0,0,0,0,0,0,0.000175440934492864,0,0.000385429951096584,0,0,0,0,0.000175440934492864,0,0,0,0,0,0,0,0,0,0,0,0.000394742102608944,0,0,0,0,0,0,0.00885976719188963,0.00833344438841104,0,0,0,0,0.000960747974603779,0.0113159402747897,0,0,0,0,0,0,0,0.000701763737971456,0.0321641713236917,0.000140352747594291,0,0,0,0,0,0,0,0,0,0,0,0,0,0.00214915144753758,0,0,0,0.0104387356023254,0.108247056582097,0,0.000964925139710752,0,0,0,0,0,0,0,0,0,0,0,0,0,0,0,0,0,0,0,0,0.0171526175342877,0,0.0013596672423197,0,0,0.00398729396574691,0,0,0,0,0.0130264893860952,0,0,0,0.00982469233160038
"Core_3",0,0,0,0,0,0.0131696492256455,0,0,0,0,0,0,0,0.000110147613657315,0,0,0,0,0,0,0.00358180019098739,0,0.00022457280454404,0,0.000629414935184655,0,0,0,0.000330442840971944,0.000110147613657315,0,0,0.00378173473556781,0,0.000947269477452906,0,0,0,0,0,0,0,0,0.000330442840971944,0,0,0,0,0,0,0.00014686348487642,0,0,0,0,0,0.0928544383131163,0,0,0,0.000440590454629259,0,0,0,0,0,0.136252598094098,0,0,0.000110147613657315,0,0.00308413318240481,0,0,0,0,0,0,0,0,0,0.000550738068286574,0,0,0,0,0,0,0,0,0,0,0.00961126757880762,0.00645150308564272,0.000762560402242948,0.0158367791191739,0.0194428303849299,0,0.0014070469357515,0,0,0.000936254716087175,0,0,0,0,0,0,0,0,0,0,0,0,0,0.000183579356095525,0,0,0,0.000991328522915832,0,0,0,0,0,0,0,0,0,0,0,0.00111986599902724,0,0,0,0,0.0623939978907542,0.00193995086748424,0,5.50738068286574e-05,0,0,0,0.0400386575644339,0,0.000220295227314629,0,0,0,0,0,0,0.0386918526519876,0,0,0.0418193773185605,0.0051068925147622,0,0,0,0,0,0,0,0.000275369034143287,0.00165221420485972,0,0.0168525848895692,0.000550738068286573,0.000550738068286573,0.000275369034143287,0,0,0,0,0,0,0,0,0,0,0.000110147613657315,0,0,0.000236030600694246,0,0.000385516647800601,0,0,0,0.00124833962144957,0,0,0,0,0,0,0,0.00014686348487642,0,6.91624550871511e-05,0,0,0,0.00583782352383768,0.000881180909258518,0,0,0.000172297943151107,0,0,0,0,0.000220295227314629,0.0211610511622418,0,0,0.000206526775607465,0.000137684517071643,0,0,0,0.00506679022823648,0,0,0,0.0123365327296192,0,0,0,0.00326771253850034,0.00469963151604543,0,0.00201937291705077,0.000110147613657315,0,0,0,0.000270362324431591,0,0,0,0,5.67032093975525e-05,0.00014686348487642,0,0,0.0055612675542024,0,0,0,0,0,0,0,0,0.00821100392718164,0.00967149778454471,0,0.000710274450648297,0.0159934335030421,0,0,0,0.0180642086397996,0,0,0,0,0,0.0240672535841233,0.000402462434517111,0,0,0,0,0,0,0.00222498179587776,0,0,0,0,0.00909468819129601,0,0,0.000380509938088905,0,0,0,0.109398609884445,0,0,0,0,0,0,0,0,0,0,0,0.000532999610379525,0.000389375322164393,0.000302905937557615,0,0,0,0.00116989866341521,0.000396531409166333,0,0,0,0,0,0,0,0,0,6.60885681943888e-05,0,0,0,0,0,0,0.0107326760136823,0.0025884689209469,0,0,0,0,0.00624169810724783,0,0,0,0,0,0,0,0,0,0.0275001875431096,0,0,0,0,0.00403874583410154,0,0,0.000330442840971944,0,0,0,0,0,0,0.0110698351725601,0.000188824480555397,0,0,0.0060214028799332,0.0884485337668237,0,0,0,0,0,0.00626840055904355,0,0,0,0,0,0,0,0,0,0,0,0,0,0.000183579356095525,0,0,0.00264354272777555,0,0,0,0,0.000200268388467845,0.000127913357795591,0,0.0417459455761223,0,0,0,0.000330442840971944,0,0.00209280465948898
"Core1_A",0,0,0,0,0,0.0179949022446513,0,0,0,0,0,0.00215692321425615,0.000164337006800468,0,0,0,0,0,0,0,0.00183320764482591,0.00161512464496085,0,0,0.0113040383963465,0,0,0,0,0,0,0,0.00291698187070831,0,0.000616263775501756,0,0.000513553146251463,0,0,0,0,0,0,0.000287589761900819,0,0,0,0,0,0,0,0,0,0,0,0,0.078265499488723,0,0,0,0,0,0,0,0,0,0.128799129079867,0,0,0,0.00172553857140492,0.0155298471426442,0.000369758265301054,0,0,0,0,0,0,0,0,0.0048068574489137,0,0,8.21685034002341e-05,0,0,0,0,0,0,0,0.00505753459082549,0.00329260931482367,0.000446791237238773,0.0113803377209324,0.0168650853228981,0,0,0,0,0,0,0,0,0,0,0,0,0,0,0,1.84879132650527e-05,0,0,0,0,0,0,0.000184879132650527,0.000739516530602107,0,0,0,0,0,0,0,0,0,0,0.000609618844357215,0,0,0,0,0.0647740486167006,0.00145903696803028,0,0,0,0,0,0.0294574084689839,0.00129415392855369,0,0.000205421258500585,0.000555247560105542,0,0,0,0,0.0179056502495786,0,0,0.0281016281628801,0.00591613224481686,0,0.000246505510200702,0,0,0,0,0,0,0,0,0.0110927479590316,0,0,0.000493011020401405,0,0,0,0,0,0,0.000205421258500585,0,0,0,0.000184879132650527,0,0,0.00246505510200702,0.000431384642851229,0,0,0.000739516530602107,0,0.00182824920065521,0,0,0,0,0,0,0,0,0,0.000232173794491359,0.000105645218657444,0,0,0.00425222005096212,0,0,0,0,0,0,0,0,0,0.0454802666320296,0,0,0.000415978048463685,9.58632539669398e-05,0,0,0,0.00234180234690667,0,0,0,0.00471001599847771,8.21685034002341e-05,0,0,0.00234180234690667,0.0014379488095041,0,0.00147903306120421,0,0,0,0,0.000246505510200702,0,0,0,0,0.000177520953589696,0,0,0.000123252755100351,0.00443709918361264,0,0,0,0,0.00172553857140492,0,0,0,0.00591613224481686,0.0172307351630291,0.000123252755100351,0.00276086171424787,0.00867699395906472,0,0,0,0.0153449680099937,0,0,0,0,0,0.027033437618677,0,0,0,0,0,0,0,0.00125717810202358,0,0,0,0,0.00540903519526113,0,0.00573125311216633,0.00044819183672855,4.10842517001171e-05,0,0.000308131887750878,0.200236425936031,0,0,0,0,0,0,0,0,0,0,0,0.000514556264923547,0.000219116009067291,0.000385164859688597,0,0,0.000739516530602107,0,0.000123252755100351,0,0,5.28226093287219e-05,0.00027731869897579,0,0,0,0,0,0,0,0,0,0.000271156061220773,0,0,0.00875094561212493,0.00123252755100351,0,0,0,0.000476577319721358,0.00440188411072683,0.00123252755100351,0,0,0,0,0,0,0,0,0.0155709313943444,0,0,0,0,0.00221854959180632,0,0,0,0,0,0,0,0,0,0.00536149484686528,0,0,0,0.00620372200671768,0.0792515215295258,0,0.00184879132650527,0,0,0,0.00320457163260913,0.00160228581630457,0,0,0,9.24395663252634e-05,0,0,0,0,0,0,0,0,0,0,0,0.00135578030610386,0,0.00110927479590316,0,0,0,0,0,0.0230482652037657,0,0,0,0.00234180234690667,0.00166391219385474,0.00131469605440375
"Core1_B",0,0,0,0,0,0.00396979565244349,0,0,0.000526117496106968,0,0,0.000334802042977162,0,0,0,0,0,0,0,0,0.0108615214381112,0.00105233908114382,0.000860442161807924,0.00937445720336053,0.000218646232148351,0,0,0,0,0.000363499360946633,0,0,0,0,0,0,0,0,0,0,0,0,0.00028697317969471,0.000127543635419871,0,0,0,0,0,0.00543235194544898,0,0,0,0.000167401021488581,0.000306104725007691,0,0.0515595146184829,0,0,0,0.00124355044534374,0.000765261812519227,0,0,0.000191315453129807,0,0.0548118773216896,0,0,0.000430459769542065,0.00707867176580285,0.0588295018374156,0.00057394635938942,0.00717432949236775,0,0.000621775222671872,0,0,0,0,0,0.038645721532221,0,0,0,0,0.000414516815114581,0,0,0,0,2.94331466353549e-05,0.0061956773667422,0.000423627074787429,0.000279614893035871,0.00446402723969549,0.00394356692096602,0,0.00145800889683603,0,0,0.00220012771099278,0,0,0,0,0.000918314175023072,0,0,0,0,0,0,0,0,0,0,0,0,0,0,0,0,0,0,0,0.00126602229019947,0,0,0,0,0.00280802476127375,0.00334802042977162,0,0.000180686816844817,0.00382630906259613,0.025252759016747,0,4.78288632824517e-05,0,0,0,0,0.00808307789473433,0.00205664112114542,0,0,0.00401762451572594,0.00057394635938942,0,0.000101284651656956,0,0.0016557694954078,0,0,0.0595947636499348,0.00754094005121722,0,0.00105223499221394,0,0,0.00344367815633652,0.000765261812519227,0,0,0,0,0.00980491697290259,0,0.000908748402366582,0,0,0,0,0,0,0,0,0,0,0,0.00028697317969471,0,0.000781204766946711,0.00143486589847355,0,0.000621775222671872,0,0.00554814814076439,0.000414516815114581,0.00106817794664142,0,0,0,0,6.37718177099356e-05,0,0,0,0,0.000140149692409044,0.000191315453129807,0,0,0.00157835248832091,0.000430459769542065,0,0.000655938696445052,0,0,0,0,0,0,0.043493557312015,0,0,0.00282190293366465,0,0,0,0,0,0,0,0,0.00057394635938942,0,0,0.000637718177099356,0.00255087270839742,0.0010841209010689,0.00102490421319539,0,0,0,0,0,0,0,0,0,0,0.00132958579704709,0,0,0.00726998721893265,0.00456528561619936,0,0.00124355044534374,0,0,0.00420893996885575,0.00682358449496311,0,0.000348467432486434,0.00136964472127021,0.0721585894438861,0,0.00545711901387199,0.00717432949236775,0,0.00153052362503845,0,0.0216186462036682,0,0,0.000172183907816826,0,0.000735828665883872,0.0702676031419037,0,0,0,0,0,0.000136653895092719,0,0.000248710089068749,0,0,0,0,0.00671125913422401,0,0.0279227236958235,3.4784627841783e-05,0,0.00143486589847355,0.00205664112114542,0.148786027899051,0,0,0,0,0,0,0,0,0,0.00352194356898053,0,0,0,0.00402958173154655,0,0.00382630906259613,0.00220012771099278,0.000141012683125849,0,0,0,0,0,0,0,0,0,0.000159429544274839,0.000401762451572594,0,0.000621775222671872,0.00609020859129885,0.000650472540641343,0,0,0.043997239901713,0,0,0,0,0,0.000501064282006637,0.00306104725007691,0,0,0,0,0,0,0,0,0.00283784588809213,0,6.37718177099356e-05,0.00143486589847355,0,0,0,0,0,0.00173635948388731,0,0,0,0.00300919539829406,0,0,0,0.000478288632824517,0,0.00318859088549678,0.0153052362503845,0,0.00312863248388012,0,0,0,0,0.000892805447939098,0,0,0.000231139485737371,0.00239144316412258,0,0,0,0,0.00086091953908413,1.36653895092719e-05,0,0.0003663487400358,0,0,0,0.0085651624690892,0.000327969348222526,0,0,0,0,0,0,0,0,0.0101875478791622,0,0.00133920817190865,0.0010861780564789,0.0018812686224431
"Core1_C",0,0,0,0,0,0.0124557297938705,0,0,0,0,0,0,0,0,0,0,0,0,0,0,0.00203653743937272,0.000302669155485125,0.00123097866033451,0,0.00186514370407355,0,0,0,0.00030013806732218,0,0,0,0,0,0,0.000862896943551267,0,0.000187586292076362,0,0,0,0.000187586292076362,0,0.000125057528050908,0,0,0,0,0,0.000205357625009913,0,0,0,0,0,0,0.0222102169818413,0,0,0,0.00015006903366109,0,0,0,0.00120055226928872,0.000225103550491635,0.0430698126607328,0,0,0,0.00225103550491635,0.0176331114551781,0.00015006903366109,0,0.00015006903366109,0,0,0,0,7.5034516830545e-05,0,0.0139564201304814,0,0,0.00117554076367854,0,0,0,0,0,0,0,0.00501476767697446,0.000418049450913036,0.00126981490020922,0.0214765461506093,0.0230368069011197,0,0.00273391892774518,0,0,0.010467315097861,0,0,0,0,0,0,0,0.000113688661864462,0,0,0,0,0,0,0,0,0,0.00045020710098327,0.000225103550491635,0,0,0,0,0.00187586292076362,0,0,0,0,0,0.000906871598722832,0,0,0,0.00060027613464436,0.0209540516981658,0.000564028902360254,0,0,0.000200092044881453,0,0,0.0247613905540798,0.00382676035835779,0,0.000182949327553127,0.00285131163956071,0.00030013806732218,0,0,0,0.00887749007745419,0,0,0.0310642899678456,0.0132273833079749,0,0.000500230112203633,1.87586292076362e-05,0,0,0,0,0,0.00180082840393308,0,0.0264496671827671,0,0,0.00030013806732218,0,0,0.00019033145732626,0,0,0,0.000337655325737452,0,0,0,0,0,0.00180916557246981,0.000514522401123737,0,0,0,0.00155071334783126,0.000325149572932362,0.00391430062799343,0,0,0,0.000637793393059632,0,0,0,0,0,0.000204163685329622,0,0,0,0.0227729758580704,0.00525241617813815,0,9.64729502107007e-05,0,0,0.00307641519005234,0,0,0,0.0206711012912312,0,0,0.0171172491519681,8.44138314343631e-05,0,0,0,0,0,0,0,0.0081787623345294,0,0.00060027613464436,0,0.00225103550491635,0.0110550854797003,0.000369812975807686,0.000525241617813815,0,0,0,0,0,0,0,0,0,0.000424899601223855,0,0,0.00210096647125526,0.0125914711159126,0,0.00060027613464436,0,0,0,0.00310142669566253,0,0,0.00744888112535956,0.0356066234013435,0,0.00457129640277959,0.0242511558396321,0,0,0,0.0223227687570871,0,0,0,0,0,0.0910519317737831,0.00164498748436195,0,0,0,0,0,0,0.00159073175680755,0,0,0,0,0.0245311710138043,0,0.00658839659975517,0.00015006903366109,0,0.000500230112203633,0,0.127363588868167,0,0,0,0,0,0,0,0,0,0.00214871570923833,0,0.000424399050608433,0,0.00259807014525762,0,0.00330151874054398,0.00142565581978035,0,0,0,0,0,0,0,0,6.43153001404671e-05,0,0,0.000742841716622395,0,7.5034516830545e-05,0,0.000165075937027199,0,0.000184175632220429,0.0107288175061106,0.00090041420196654,0,0,0,0.000480220907715488,0,0.0030013806732218,0,0,0,0,0,0,2.50115056101817e-05,0.000525241617813815,0.0143315927146341,9.0041420196654e-05,0,0.000187586292076362,0,0.000775356673915632,0,0,0,0.000646611377627313,0,0,0,0.000250348808490697,0,0.0040893811672647,0,0.00090041420196654,0,0.0114052465582428,0.117429018839803,0,0.00110720396410676,0,0,0,0,0.000275126561711998,0,0,0,0.00075034516830545,0,0,0,0,0.000100046022440727,0,0,0,0,0,0,0.00877903846917376,0,0.0010880004940429,0,0,0.00060027613464436,0,0,0,0,0.00626538215535051,0,0.000825379685135995,0.000232364955346204,0.00862896943551267
"Hero_A",0,0,0,0,0,0,0,0,0.000435308628184843,0,0,0,0,0,0,4.21266414372429e-05,0,0,0,0,0.0156279284491151,0.00295313562831165,0,0,0.00136811283143808,0,0,0,0.00362757190154036,0.000464329203397166,0,0,0,0,0,0,0,0,0,0,0,7.25514380308072e-05,0,0,0,0,0,0,0,0.00297842745600156,0,0,0,0,0,0,0.0664571172362194,0,0,0,0.00116082300849292,0,0,0.000145102876061614,0,0,0.0584764590528306,0,0,0,0.0211850199049957,0.124208061908742,0,0.0136396703497918,0,0.00108827157046211,0.000870617256369687,0,0,0,0,0.113615551956244,0,0,0,0,0,0,0,0,0,0,0.000156264635758662,0,0,0.000306328293907853,0.000547646338684158,0,0,0,0,0,0,0,0,0,0,0,0,0,0,0,0.000120919063384679,0,0,0,0,0,7.25514380308072e-05,0,0.000145102876061614,0,0.000145102876061614,0,0,0,0,0,0,0,0,0.00314637584926719,0.00188633738880099,0,0,0.00631197510868023,0.0243391024611128,0,0,0,0,0,0,0.00515115210018731,0,0,0,0.00696493805095749,0.00130592588455453,0.000117317218943433,0,0,0,0,0,0.105247952770024,0.00142214906198252,0,0.00096735250707743,0,0,0.00435308628184843,0.000616687223261861,0,0,0,0.00108827157046211,0.00166868307470857,0,0,0,0,0,0,0,0,0,0,0,0,0,0,0,0,0,0,0.000870617256369687,0,0.0111245538313904,0,0,0,0,0,0,0,0,0,0,0,0.000850370343430857,0,0,0,0.00166868307470857,0,0,0.000932804203253236,0,0.000113488282953218,0,0,0.000736131663922337,0,0.0907897777718987,0.00039903290916944,0.00246674889304745,0,0,0,0,0,0.00130592588455453,0,0,0,0,0,0.00217654314092422,0,0.00599758554388006,0,0.00189670187994825,0,0,0,0,0,3.95735116531676e-05,0,0,0,0,0.00253972962952814,0,0,0.0133494645976685,0.000240639360192699,0,0.00377267477760198,0,0,0,0,0,0,0,0.00413366242048697,0,0,0.000145102876061614,0,0,0,0.0156711106146544,0,4.83676253538715e-05,0,0,0,0.00486094634806408,0,0,0,0,0,0,0,0,0,0,0,0,0,0,0.0626844424586174,2.63823411021117e-05,9.6735250707743e-05,9.6735250707743e-05,0.00311971183532471,0.091763058821365,0,0,0,0,0,0,0,0,0,0.00486522260664932,0,0,0,0,0,0,0.0109552671426519,0.000319257905763422,0,0,0,0,0,0,0.000610627982283465,0,0,0,0.000319226327335552,0.0010157201324313,0.00079806581833888,0,0,0,0,0,0,0,0,0,0,0,0.000580411504246458,0,0,0,0,0,0,0,0,0.000580411504246458,0,0,0.0029746089592631,0,0,0,0,0,0.00359165143983849,0,0,0,0.00477212169028805,0,0,0,0,0,0.00145102876061614,0.0153809048625311,0,0.00400095567504279,0,0,0,0,0.0010157201324313,0,9.6735250707743e-05,0.000210368814039119,0.00478839491003328,0,0,0,0,0.000483676253538715,0,0,0,0,0,0.000145102876061614,0.0179927566316402,0,0,0,0,0,0,0,0,0,0.000580411504246458,0,0.00116082300849292,0.00289581653731566,0
"Hero_B",0,0,0,0,0,0,0,0.0028339602889419,0,0,0,0,0,0,0,0,0,0,0,0,0,0,0.00139073977142519,0.0943341410995014,0,0,0,0.000431091842894602,0,0,0.00183682611320309,0,0,0,0,0,0,0,0.00111958924995236,0,0,0,0,0,0,0,0,0,0,0,0,0.00717236863250729,0,0.000787211191372751,0,0.00616648766575322,0.0606152617357019,0,0,0,0,0,0.0026677712596521,0.000349871640610112,0,0,0.00940280034139675,0,0.00214296379873693,0.00745663934050301,0,0.0230477943251911,0,0,0,0,0,0,0.000677876303682091,0,0,0.0161815633782177,0,0,0.000874679101525279,0,0,0,0,0,0.00253930276661558,0,0.000641431341118538,0,0,0.00152582909932743,0.000153068842766924,0,0.00193304081437087,0.00453928292343291,0.00712863467743103,0.00107148189936847,0,0.00174935820305056,0.000510229475889746,0,0,0,0,0,0,0,0,0,0.00332378058579606,0,0,0,0,0,0,0.00523058102712117,0.000393605595686376,0,0,0,0.00696619427286205,0.00055396343096601,3.52693186098903e-05,0,0,0,0,0,0,0,0.0084751147303856,0,0,0,0.00116623880203371,0,0,0.00341124849594859,0,0,0,0,0,0,0,0,0,0,0,0.00209922984366067,0.0010933488769066,0.00730357049773608,0.00155984439772008,0,0.00221293812685896,0.000586034998021937,0,0,0,0.00100588096675407,0,0,0,0,0,0,0,0,0,0.00233976659658012,0,0,0,0,0,0,0,0,0,0,0,0.000601341882298629,0,0,0.00309053282538932,0,0,0,0,0,0.00874679101525279,0,0,0,0,3.64449625635533e-05,0,0.00537927647438047,0,0,0,0,0,0,0,0,0,0,0.0154544863750748,0,0,0,0,0,0,0,0,0,0.0028062621173936,0,0,0,0,0,0.00365907424138075,0,0,0,0,0,0.002594881334525,0,0,0.00662569419405399,0,0,0,0.00312943620554592,0,0.0012420443241659,0,0.00100588096675407,0,0,0,0,0,0,0.00422032666485947,0,0,0.30362735651247,0,0,0,0.00269401163269786,0,0,0.00470140017069838,0,0,0,0,0,0.0187618667277172,0,0,0,0,0,0,0,0,0,0,0,0.00349871640610112,0,0,0.0196584128067806,0,0,0,0,0.0176422774777649,0,0,8.74679101525279e-05,0,0,0,0,0,0,0,0,0.00170076491963249,0,0,0,0,0.00994947477985005,0,0,0,0.00257155655848432,0,0,0,0,0,0,0,0,0,0,0.0232664641005724,0,0.00310511081041474,0,0.00857081391030306,0,0,0,0,0,0.00510229475889746,0,0,0.00286457405749529,0,0,0.00690996490204971,2.1866977538132e-05,0,0,0,0,0,0.00255843637196144,0.000761980063444138,0,0,0,0,0.00323631267564353,0,0,0.010277479442922,0.00429410216851616,0,0,0,0,0.000102045895177949,0.0186598208325393,0,0.00419845968732134,0,0,0,0.000816367161423594,0,0,0.000174935820305056,0,0.00513739752717382,0,0,0,0,0,0,0,0,0,0,0,0,0.143622308470451,0,0,0,0,0.00146309958800592,0,0,0,0,0,0,0,0,0.00233247760406741
"Hero_C",0,0,0.000225876022235421,0,0,0,0,0,0,0,0,0,0,0,0,0,0,0,0,0,0,0,0,0.0783500212513019,0,0,0,0,0,0.00262633966366724,0.00608899977889331,0.00341130710504264,0,0,0,0,0,0,0,0,0,0,0,0,0,0,0,0,0,0,0,0,0,0.00183403607797991,0,0.0307384446669433,0.0062357226651317,0,0,0,0,0,0,0,0,0,0,0,0,0,0.00234756617981429,0.0236957461275005,0,0,0,0,0,0,0,0,0,0.0234756617981429,0,0,0,0,0,0,0,0.00145178434804305,0,0,0,0,0,0.00145907759092624,0,0,0,0.00520613275652781,0,0,0.00983043337797233,0,0.00048907628746131,0,0,0,0,8.89229613566019e-05,0,0,0,0,0,0,0,0,0,0,0,0,0,0,0,0,0.0134356242969729,0,0.00207068589449345,0,0,0,0,0,0,0,0.00590070540822071,0,0,0,0,0,0,0.00546542751238014,0,0,0,0,0,0,0,0.000232311236544122,0.00341864324935456,0.00616236122201251,0,0,0,0,0,0,0,0.00190739752109911,0,0.000550210823393974,0,0,0,0,0.00876669245274398,0,0,0,0,0,0,0.029124492918321,0,0,0,0,0,0.00146722886238393,0,0,0,0,0,0,0,0,0,0,0,0,0,0,0,0.00249428906605268,0,0,0,0,0,0,0,0,0,0,0,0,0,0,0,0,0.00942694544081675,0,0,0,0,0,0,0,0,0,0,0,0,0,0,0.00547765441956667,0,0,0,0,0,0,0,0,0,0,0,0,0,0.00702446670150792,0,0,0,0.00201010354146598,0.0134985055339322,0,0,0,0,0,0,0,0,0.218675789649701,0.00568551184173773,0,0,0,0,0,0.00311786133256585,0,0,0,0,0,0.0141343047076319,0,0,0,0,0,0,0.00608899977889331,0,0,0,0,0.011957915228429,0.00417531413409827,0.00248300269018819,0,0,0,0,0,0.0274665243038272,0,0,0,0,0,0,0,0,0,0,0.00427941751528646,0,0,0,0,0,0,0,0,0,0,0,0,0,0,0,0,0.00157727102706273,0.000300781916788706,0,0,0.0721142985861702,0.00305183603375858,0,0,0.00663638900832116,0,0,0,0.0161395174862232,0,0,0,0,0,0,0,0,0,0,0,0,0,0,0,0,0,0.00282965566316901,0.0201010354146598,0,0,0,0,0,0.000734300052155696,0.00116625883933082,0,0,0,0,0.0157727102706273,0,0.0104173249229259,0,0,0,0,0,0,0,0,0.0153325416119121,0,0,0,0,0,0,0,0,0,0,0.00106374092522835,0.00333794566192344,0.19264714963101,0,0,0.0109308550247603,0.00658418951994789,0,0,0,0,0,0,0,0,0.00520866246146295,0
"SW1_A",0,0,0,0,0,0.000643320478660107,0,0.000220567021254894,0.000459514627614362,0,0,0,0,0,0,0,0,0,0,2.04228723384161e-05,0.0146872710486672,0.00375255774446324,0,0,0.000525159574416414,0,0,0,0.00416626595703688,0.000673954787167731,0,0,0,0,0,0,0,0,0,0,0,3.06343085076241e-05,0,0,0,0,0,0,0,0.00205411100203754,0,0,0,0,4.79195887270098e-05,0,0.0436232553148568,0,0,0,0.00116410372328972,0.000612686170152483,0,0,0.000183805851045745,0,0.0248137898911756,0.000551417553137235,3.74819774681519e-05,0.00156234973388883,0.0335752021243561,0.169407726047162,0.00128664095732021,0.016787601062178,0,0.00154046808495481,0,0,0,0.00128664095732021,0.00196059574448795,0.189748906896224,0,0,0,0,0,0,0,0,0,0,0.000235648526981724,0,0,0.000360804077978684,0.000471373069617314,0,0,0,0,0.00036761170209149,0,0,0,0.00122537234030497,4.37632978680345e-05,0,0,0,0,0,0,0,0,0,3.06343085076241e-05,0,0,0,0.00128664095732021,0,0.000245074468060993,0,0.000134521644831281,0,0,0,0,0,0,0.00216929270036497,0.00410499734002164,0,0,0.00655574202063157,0.0196905043100612,0.00033627274409113,0,0,0,0,0,0.00836316622258139,0.000183805851045745,0,0,0.0035535797868844,0.000490148936121986,1.23840821626566e-05,0,0,0.000380143919208245,0,0,0.0157256117005804,0.00259008617124898,0,0,0,0,0.000919029255228724,0.00199123005299557,0,0.00036761170209149,0.000245074468060993,0.00238947606359468,0.00321660239330054,0,9.19029255228724e-05,0,0,2.82390333568223e-05,0,0,0,0,0,0.000245074468060993,0.000612686170152483,0,0.000214440159553369,0,0.00102454742897721,0,0,0.000612686170152483,0,0.00925156116930249,0,0.000245074468060993,0,0,0,0,0,0,0,0,0,0.00014106030429092,0.000122537234030497,0,0,0.000704589095675355,9.19029255228724e-05,0.00171552127642695,0.00154856756097815,0,0,0.000336977393583866,0,0.00167367929407508,0,0.0565769089203885,0.000122537234030497,0.000673954787167731,0,0,0,0,0,0.00790365159496703,0,0,0,0.000306343085076241,0,0.0036761170209149,0,0.00528952393564977,0,0.00417501861661049,0,0,0.00036761170209149,0,0,0,0,0,0,0,0.00381641852851786,0,0,0.0384154228685607,0.000451591961621011,0.000122537234030497,0.0159298404239646,3.06343085076241e-05,0,0,0.000204228723384161,0,0,0.00055559495884282,0.00363427503856302,0,0.000426903912106246,0.000122537234030497,0.000196059574448795,0,0,0.0216278218063826,0,0,0,0,0,0.0108649680840374,0.000565556464756138,0,0.00580637970482968,0,0,0,0,0,0,0,0.000470927409215242,0,0.00722273446495665,0,0.0448306953770109,6.16970688824878e-05,4.08457446768322e-05,4.08457446768322e-05,0.00419690026554451,0.0445177771232794,0,0,0,0,0,0,0,0,0,0.010289975476967,0,0,0,0,0,0,0.0183805851045745,0,0,0,0,0,0,0,0,0,0,0,8.57760638213476e-05,0.000321660239330054,0.00156234973388883,0,0,0,0,0.000333573581527463,0,0.000122537234030497,0,0,0,0,0.000551417553137235,0,0,0,0,0,0,0,0,0.00093945212756714,0,0,0.000704589095675355,0,0,0,0,0,0.0050888619924727,0,0,0,0.0122067698834679,0,0,0,0.000588178723346384,0,0.00328808244648499,0.0107832765946837,0,0.00582328183754075,0,0,0,0,0.00128664095732021,0,0,0.000296088923232685,0.00753603989287554,0,0,0,0,0.000959874999905556,0,0,0,0,3.06343085076241e-05,0.000275708776568617,0.0154396914878426,0,0,0,0,0,0,0,0,0,0.000551417553137235,0,0.00300216223374717,0.00406516390136945,0.00046972606378357
"SW1_B",0,0,0,0,0,0.000912781632896725,0,0,0.000513439668504408,0,0,0,0,0,0,1.42622130140113e-05,0,0,0,0,0.0110481484975609,0.00693024700705834,0,0,0.000603087864592479,0,0,0,0.00644652028233312,0.000798683928784634,0,0,0,0,0,0,0,0.000114097704112091,0,0,0,5.70488520560453e-05,0,0,0,0,0,1.42622130140113e-05,0,0.00249813920582261,0,0,0,0,0,0,0.047921035727078,0,0,0.000285244260280226,0.00171146556168136,0.000456390816448362,0,0,0,0,0.0383368285816624,0.000684586224672543,0,0.00202523424798961,0.0259572276855006,0.121628152583489,0,0.0119232100797135,0,0.00279539375074622,0,0,0,0.000798683928784634,0.00279539375074622,0.193167413061769,0.000171146556168136,0.00023960517863539,1.90162840186818e-05,0,0,0,0,0,0,0,0.000298409379985468,0.000114097704112091,0,0.000247211692242863,0.000418358248410999,0,0,0,0,2.85244260280226e-05,0,0,0,0.00142622130140113,2.44495080240194e-05,0,0,0,0,0,0,0,0,0,0,0,0,0,0.00136917244934509,0,0.000285244260280226,0,0,0,0,0,0,0,0,0.00330364871599549,0.00142622130140113,0,0,0.00778716830565018,0.0263481833890746,0.000197746020049951,0,0,0,0,0,0.00887109649471504,0.000798683928784634,0,0,0.00217463445956212,0.000342293112336272,2.3062301894997e-05,0,0,0.000129835318472379,0,0,0.00720717164308039,0.00288096702883029,0,0.000665569940653862,0,0,0.00023960517863539,0.00169720334866735,0,0.000199670982196158,0.000256719834252204,0.00265277162060611,0.00345145554939074,0,0,0.000171146556168136,0,0,0,0,0,0,0,0,0,0,0,0,0.00353702882747481,0,0,0.00102687933700882,0,0.0109914121627981,0,0.000228195408224181,0,0,0,0,0,0,0,0,0,0.000298511435176981,0.00010458956210275,0,0,0.000570488520560453,0,0.000684586224672543,0.00385079751378306,0,0,0.000256719834252204,0,0.00282391817677424,0,0.0500817609987008,1.62996720160129e-05,0.000178277662675142,0,0,0,0,0,0.00621832487410894,0.000285244260280226,0,0,0.000305618850300243,0,0.00142622130140113,0,0.00576193405766057,0,0.00826769517489149,0,0,0.000306115791520243,0,2.85244260280226e-05,2.59312963891115e-05,0,0,0,0,0.00584430044761131,0,0,0.0337158715651228,0.000867142551251888,0.000171146556168136,0.0114668192632651,0,0,0,0.000266227976261545,0,0,0.000313768686308249,0.0059216708434175,0,0.000410751734803526,0.0001255074745233,0,0,0,0.0222490523018577,0,0,0,0,0,0.010458956210275,0.000547668979738035,0.000242457621238192,0.00342293112336272,0,0,0,0,2.28195408224181e-05,0,5.70488520560453e-05,0,0,0.00459650750851565,0,0.0658914241247323,1.03725185556446e-05,5.70488520560453e-05,8.55732780840679e-05,0.00462095701653967,0.0527245490701971,0,5.70488520560453e-05,0,0,4.75407100467044e-05,1.62996720160129e-05,0,0,0,0.00713315658280988,0,0,0,0,0,0,0.01759957085929,0.000370817538364294,0,0,0,0,0,0,0.000171146556168136,0,0,0,0.0001255074745233,0.000349424218843277,0.00193966096990554,0,0,0,0,0,0,0.000171146556168136,0,0,0,0,0.000513439668504408,0,0,0,0,0,0,0,0,0.00157835157355059,0,0.000142622130140113,0.000827208354812657,0,0,0,0,0,0.00698848437686555,0,0,0,0.0130791157924004,0,0.000142622130140113,0,0.000399341964392317,0,0.00317571943111985,0.01009764681392,0,0.0179703883976543,0,0,0,0,0.0014642538694385,0,0,0.00026191151848743,0.00156884343154125,0,0,0,0,0.00121704217719563,0,0,0,0,0,0.000285244260280226,0.0229336385265302,0,0,0,0,0,0,0,0,0,0.000513439668504408,0.000456390816448362,0.00347997997541876,0.00721667978508973,0.000437374532429681
"SW1_C",0,0,0,0,0,0,0,0,0,0,0,0,0,0,0,0,0,0,0,0,0.00537843225652467,0.00771124624730645,0,0,0.0024439003712952,0,0,0,0.00349922098617267,0.000544323264515749,0,0,0,0,0,0,0,0,0,0,0,0,0,0,0,0,0,0,0,0.00390166550505023,0,0,0,0,0,0,0.0443234658248539,0,0,0,0.00246241476804744,0.000777604663593928,0,0,0,0,0.11689990109362,0.000259201554531309,0,0.000259201554531309,0.0182737095944573,0.109383056012212,0,0,0,0.00103680621812524,0,0,0,0,0.00298081787711006,0.0898133386450986,0,0,0,0,0,0,0,0,0,0,0.000295489772165692,0,0,0.000158400949991356,0,0,0,0,0,0,0,0,0,0,0,0,0,0,0,0,0,0,0,0,0,0,0,0,0,0,4.32002590885515e-05,0,0,0,0,0,0,0,0,0.00224151692949411,0.000583203497695446,0,0,0.00388802331796964,0.0245892030212491,0,0,0,0,0,0,0.00680404080644686,0,0,0,0.00305395890982434,0.000777604663593928,7.85877053632161e-05,0,0,0,0,0,0.0805684832001486,0.000453602720429791,0,0.000172801036354206,0,0,0.000492482953609487,0.000518403109062618,0,0,0.000129600777265655,0.000842405052226755,0.0007128042749611,6.48003886328273e-05,0,0,0,0,0,0,0,0,0,0,0,0,0,0,0,0.000648003886328273,0,0.0007128042749611,0,0.00907205440859582,0,0.000108000647721379,0,0,0,0,0,0,0,0,0,0.000868023810523454,0.000302401813619861,0,0,0.0007128042749611,0,0,0.00187921127035199,0,0.000129600777265655,0,0,0.000777604663593928,0,0.09305335807674,9.25719837611818e-05,0.000324001943164136,0,0,0,0,0,0.000907205440859582,0,0,0,0,0,0.000648003886328273,0,0.00527043160880328,0,0.00317023439772909,0,0,0,0,0,0,0,0,0,0,0.00439811868489984,0,0,0.00660963964054838,0.000544323264515749,0,0,0,0,0,0,0,0,0.000194401165898482,0.00241057445714118,0,0.000414722487250095,0,0,0,0,0.014644887831019,0,0,0,0,0,0.00382322292933681,0,0,0.00155520932718786,0,0,0,0,0,0,0,0,0,0,0,0.0416666498909079,0.000259201554531309,0.000302401813619861,0.00015120090680993,0.00777604663593928,0.200803444295405,0,0,0,0,0,0,0,0,0,0.00190532586049424,0,0,0,0,0,0,0.00751684508140797,0,0,0,0,0,0,0.000129600777265655,0.00103680621812524,0,0,0,0,0.000453602720429791,0.00168481010445351,0,0,0,0,0,0,0,0,0,0,6.17146558407879e-05,0,0,0,0,0,0,0,0,0,0.000475202849974067,0,0,0.00123120738402372,0,0,0,0,0,0.00366122195775474,0,0,0,0.00166785299340941,0,0,0,0,0,0.00129600777265655,0.00362882176343833,0,0.00913685479722865,0,0,0,0,0.00125280751356799,0,0,0.000162291469439059,0.00100440602380882,0,0,0,0,0.000432002590885515,0,0,0,0,0,0,0.0194401165898482,0,0,0,0,0,0,0,0,0,0,0.000388802331796964,0.000777604663593928,0.00200881204761765,0
"SW2_A",0,0,0,0,0,0,0,0,0.000196089509749567,0,0,0,0,0,0,0,0,0,0,0,0.00326815849582612,0.00365761404991206,0,0.0475843876992282,0,0,0,0,0.00196089509749567,0,0,0,0,0,0,0,0,0,0,0,0,0,0,0,0,0,0,0,0,0.00134166506670756,0,0,0,0,0,0.00575195895265396,0.0369955541727516,0,0,0,0,0.00248380045682785,0,0,0.00535977993315483,0,0.0320279532590959,0,0,0,0.0436625975042369,0.180533075309435,0,0.0185631402562923,0,0.000915084378831312,0,0,0,0,0,0.176219106094944,0,0,0,0,0,0,0.0017338440862067,0.000275213347016936,0,0,0.000402234891793983,0,0,0,0,0,0.00130726339833045,0.000252437070022431,0,0,0,0,0,0,0,0.000196089509749567,0,0,0,0,0,0,0,0,0,0,0,0,0.000915084378831312,0,0,0.000653631699165223,0,0,0.0027079027536845,0,0,0,0,0.00165106527148622,0,0,0,0.00431396921449047,0.0142709230475282,0.00101909030273148,0,0,0,0,0,0.00320279532590959,0,0,0,0,0,0,0,0,0,0,0.00135083884494146,0.0163843679257416,0,0,0.000915084378831312,0,0,0.000627486431198614,0.000424860604457395,0,0,0,0.000522905359332178,0.00130726339833045,0,0,0,0,0,0,0.000806145762303775,0,0,0,0,0,0,0,0,0,0,0,0.00183016875766262,0,0.00610056252554208,0,0,0,0,0,0,0,0,0,0,0,0.0011491757315556,0,0,0,0,0.0017648055877461,0,0.00640559065181919,0,0.000522905359332178,0,0,0,0.00196089509749567,0.0698405470558041,3.73503828094413e-05,6.53631699165223e-05,0,0,0,0,0,0.00470614823398961,0,0,0,0.000653631699165223,0,0.000871508932220297,0,0.00457542189415656,0,0.019186604338573,0,0,0.00114784103268039,0,0,0,0,0,0,0,0.00228809771139731,0,0,0.00745140137048354,0.000549050627298787,0,0,0,0,0.00130726339833045,0,0,0,0,0.00431396921449047,0,0,0,0,0,0,0.0250994572479446,0,0,0,0,0,0.00544693082637686,0,0,0,0,0,0,0,0,0,0,0,0,0.000403384134341966,0.000980447548747834,0.0571274105070405,0,0,0,0,0.0402637126685777,0,0,0,0,0,0,0,0,0,0.00611410005741988,0,0,0,0,0,0,0.0241843728691133,0.000740782592387253,0,0,0,0,0,0,0.000424860604457395,0,0,0,0,0.00148701211560088,0.00627486431198614,0.0159486134596314,0,0,0,0,0,0,0,0,0,0,0.00457542189415656,0,0,0,0,0,0,0,0.000496760091365569,0.00265810224327191,0,0,0.00366033751532525,0.00125195610070877,0,0,0,0,0.00107849230362262,0.00128715165374075,0,0,0.00367622015474422,0,0,0,0,0,0.00113296161188639,0.00169944241782958,0,0.0067324065014018,0,0,0,0,0.000697207145776238,0,0,0.00306400114711196,0,0,0.00126368795171943,0,0.00366033751532525,0.00130726339833045,0,0,0,0,0,0,0.020654761693621,0,0,0,0,0.000522905359332178,0,0,0,0.000522905359332178,0,0,0,0.00307206898607655,0
"SW2_B",0,0,0,0,0,0.00192595617424272,0.000237772367190459,0,0,0,0,0,0,0,0,0,0,0,0,0,0.0140115742242467,0.00319148211207161,0.000730857155516196,0,0.00112772037010332,0,4.75544734380919e-05,0,0.00318614972035215,0.000732338890946614,0,0,0,0,0,0.00011888618359523,0,7.13317101571378e-05,0,0,0,7.13317101571378e-05,0,0,0,0,0,0,0,0.00130149085198988,0,0,0,0,4.75544734380919e-05,0,0.0509308410521964,0,0,0,0.00052309920781901,0.000903534995323745,0,0,0.000285326840628551,0,0.0451291952927492,0,0,0.000689539864852332,0.0204484235783795,0.111372576792011,0.000665762628133286,0.0101291028423136,0,0.00137907972970466,0.000142663420314276,0.000313049530913065,0,0.00156929762345703,0.000951089468761837,0.106474466027888,0,0,0.000380435787504735,0,0,0,0,0,0,0,0.000848664449049024,0.000258152855806784,0.00029995898630181,0.00604470195701968,0.00688926258743453,0,0.000828368246986116,0,0,0.00247283261878078,0,0,0,0.000309104077347597,8.15219544653003e-05,0,9.51089468761837e-05,0,0,0,0,0,0,0,0,0,0,0,0.0011413073625142,0,0.000142663420314276,0,0,0.000392324405864258,0,0,0,0,0,0.00369413083890524,0.00156929762345703,0,0,0.00696673035868046,0.024097761665834,0.000288463100629126,0,0,0.000126811929168245,0,0,0.0116508459923325,0.00128397078282848,0,0,0.00791617190014493,0.00076087157500947,4.80603720916886e-05,0,0,0.00188380561824077,0,0,0.0444634326646159,0.00480831129729134,0,0.000396287278650765,0,0,0.0011888618359523,0.0010343097972785,0,0.000237772367190459,0.000190217893752367,0.00111753012579516,0.00722827996258996,0,0,0.000309104077347597,0,0,0,0,0,0,0,4.75544734380919e-05,0,0,0.00011888618359523,0,0.00110960438022214,0,0,0.000855980521885653,0,0.0100498453865834,0,0.00141870845756974,0,0,0.000309104077347597,0,0,0,0,0,0,0.000447896784707609,0,0,0,0.00568275957585198,0.00154552038673799,0.00133152525626657,0.00076087157500947,0,0,0.00121263907267134,0,0.000779429418302384,0,0.0635102208922586,9.51089468761837e-05,0.000618208154695194,0.00364980583637355,2.37772367190459e-05,0,2.37772367190459e-05,0,0.00252038709221887,9.51089468761837e-05,0,0,0.00218750577815223,0,0.00199728788439986,0,0.00553217040996469,0.00171196104377131,0.00331182940015282,0.000190217893752367,0,0.000166440657033321,0,0,4.53929064636331e-05,0,0,0,0,0.00389133338563812,3.17029822920612e-05,0,0.010889974417323,0.0037329236768009,0.000237772367190459,0.00370924892817116,0.000166440657033321,0,0,0.00101449543334596,0,0,0.00108942975512719,0.0128420275586964,0,0.00139978893587932,0.00325272598316548,0.000266305051253314,0,0,0.0219939439651175,0,0,0,0,0,0.0317188337832073,0.000804768012029247,0.0002589076887185,0.00119565533215774,0,9.51089468761837e-06,0,0,0.00040896847156759,0,0,0,0,0.00910127774595844,0,0.0543930386915306,3.45850715913395e-05,1.58514911460306e-05,0.000166440657033321,0.0026392732758141,0.0716931241552673,0.00011413073625142,0,0,0,0,0,0,0,0,0.00439662722604904,0,0,0,0.000784648811728516,0,0.000998643942199929,0.0134341387462609,0.000791807526180793,0,0,0,0,0,0,0.000295830630915426,0,0,0,0.000223506025159032,0.000310972288804094,0.00111753012579516,0,0,0,0,0.00351110528884578,0.000285326840628551,0.000237772367190459,0,0,0,0.000249094860866195,0.00147418867658085,0,0,0,0,0,0,0,0.000240414282381464,0.00500907120214567,0,0,0.000855980521885653,0,0.000227204706426439,0,0,0,0.00338460814717853,0,0,0,0.00376258104791482,0,0.000998643942199929,0,0,0,0.00567483383027896,0.0426088082005303,0,0.00382648676924112,1.58514911460306e-05,0,0,0,0.00107790139793008,0.000142663420314276,0,0.000321738843302906,0.00580164575944721,4.83214810741901e-05,0,0,0,0.000602356663549163,6.79349620544169e-06,0,0,0,0,0,0.0186889080611701,0,0.000261549603909505,0,0,0.000259388036935046,0,0.000142663420314276,0,0,0.00133152525626657,0,0.00185462446408558,0.00371077047177448,0.00245698112763475
"SW2_C",0,0,0,0,0,0.00123183688642191,0,0,0,0,0,0,0,0,0,0,0,0,0,0,0.0105860197350689,0.00578065122221949,0,0,0.00105586018836164,0,0,0,0.00384949027006847,0.00104706135345862,0,0,0,0,0,0,0,0.000230969416204108,0,0,0,0,0,0,0,0,0,0,0,0.00210708941098485,0,0,7.69898054013694e-05,0,0,0,0.0517371492297202,0,0,0,0.00153979610802739,0.00138581649722465,0,0,0,0,0.0543548026133668,0,0,0.000923877664816433,0.0289481668309149,0.139043588554873,0.000769898054013694,0.0150900018586684,0,0.0027716329944493,0,0,0,0,0,0.137349812836043,0,0,0,0,0,0,0,0,0,0,0,0,0,0.000479047678052965,0.000667244980145201,0,0,0,0,0.000461938832408216,0,0,0,0.00123183688642191,8.79883490301364e-05,0,0,0,0,0,0,0,0,0,0,0,0,0,0.000769898054013694,0,0,0,0,0,0,0,0,0,0,0.00388788811024933,0.000538928637809586,0,0,0.00785296015093968,0.0311220420010958,0,0,0,0,0,0,0.0065441334591164,0,0,0,0.00293475990886408,0,6.22470767074901e-05,0,0,0.000525654533430039,0,0,0.0180156144639204,0.00250216867554451,0,0,0,0,0.000677510287532051,0.000808392956714379,0,0,0,0.00223270435663971,0.00238668396744245,0.000230969416204108,0,0,0,0,0,0,0,0,0,0,0,0,0,0,0.00153979610802739,0,0,0.000846887859415063,0,0.0150900018586684,0,7.69898054013694e-05,0,0,0,0.00107785727561917,0,0,0,0,0,0.000741250684562021,0.000153979610802739,0,0,0.00153979610802739,0,0,0.00500433735108901,0,0,0,0,0.000846887859415063,0,0.0905592586033608,0,0.000423443929707532,0,0,0,0,0,0.00338755143766025,0,0,0,0,0,0.000461938832408216,0,0.00744234785546571,0,0.00604073857764591,0,0,0.000187780013174072,0,0,5.59925857464505e-05,0,0,0,0,0.00198124554308379,0,0,0.0137041853614438,0.000615918443210955,0,0.00862285820495337,0,0,0,0.000307959221605478,0,0,0,0.00628236812075174,0,0.000400346988087121,0.000307959221605478,0,0,0,0.0202483188205602,0,0,0,5.13265369342463e-05,0,0.00646714365371503,0,0,0.0027716329944493,0,0,0,0,0,0,0,0.00123183688642191,0,0.00248127144264985,0,0.0893851640709899,0,0,2.56632684671231e-05,0.00384949027006847,0.0641171099382604,0,0,0,0,0,0,0,0,0,0.00503536428249494,0,0,0,0,0,0,0.0163988285504917,5.7742354051027e-05,0,0,0,0,0,3.84949027006847e-05,0.00057742354051027,0,0.000269464318904793,0,0.00020017349404356,0.000404196478357189,0.00215571455123834,0,0,0,0,0,0,0.000615918443210955,0.000230969416204108,0.000923877664816433,0,0,0,0,0,0,0,0,0,0,0,0.00153979610802739,0,0,0.00146280630262602,0,0.000250216867554451,0,0,0,0.00434992400517737,0,0,0,0.00543101916980875,0,0.000384949027006847,0,0,0,0.00328489836379176,0.0143201038046547,0,0.0153209712748725,0,0,0,0,0.00107785727561917,0,0,0.000111619111178136,0.0010008674702178,0,0,0,0,0.00082122459094794,0,0.000102653073868493,0,0,0,0,0.0143201038046547,0,0,0,0,0,0,0,0,0,0,0.000153979610802739,0.00107785727561917,0.00585122521050407,0
"SW3_A",0,0,0,0,0,0.00178411426489655,0,0,0,0,0,0,0,0,0,4.46028566224139e-05,0,0,0,0,0.00899601109829417,0.00695061182365949,0,0,0.00239581058428966,0,0,0,0.0032114056768138,0.000820692561852415,0,0,0,0,0,0,0,0,0,0,0,0,0,0,0,0,0,0,0,0.00329591635251942,0,0,0,0,0,0,0.0783226162289587,0,0,0,0.000535234279468966,0.000892057132448277,0,0,0,0,0.0597678278740346,0,0,0,0.0244423654290828,0.131667632749366,0.000713645705958622,0.0142729141191724,0,0,0,0,0,0,0,0.111328730129545,0,0,0,0,0,0,0,0,0,0,0.000109791647070557,0,0,0,0,0,0,0,0,0,0,0,0,0,0.000101949386565517,0,0,5.40640686332289e-05,0,0,0,0,0,0,0,0,0,0,0,0,0.000118940950993104,0,0,0,0,0,0,0,0,0.00440782030236012,0.000624439992713794,0,0,0.00463869708873104,0.0266426685661165,0,0,0,0.000356822852979311,0,0,0.00410346280926207,0,0,0,0.00204024948114408,0.000624439992713794,0,0,0,0,0,0,0.0388936909747449,0.000936659989070691,0,0.00136782093642069,0,0,0.00117751541483173,0.000936659989070691,0,0,0,0.00178411426489655,0.00187331997814138,0,0,0,0,0,0,0,0,0,0,0,0,0.00107046855893793,0.000267617139734483,0,0.00124887998542759,0,0,0.00205173140463104,0,0.0119535655748069,0,0,0,0,0,0,0,0,0,0,0,0.00100823201481363,0.000446028566224139,0,0,0.00214093711787587,0,0,0.00437107994899656,0,0.000107046855893793,0,0.000356822852979311,0.00107046855893793,0,0.084500111871163,0,0,0,0,0,0,0,0.00249775997085518,0,0,0,0,0,0.00107046855893793,0,0.00725539801057932,0,0.00601109267711301,0,0,0,0,0,0,0,0,0,0,0.00247723687565529,0,0,0.0146297369721517,0.000214093711787586,0,0.00499551994171035,0,0,0,0,0,0,0.000356822852979311,0.00353254624449518,0,0,0,0,0,0,0.0183763769284345,0,0,0,0,0,0.00362769900528966,0,0,0.00446028566224139,0,0,0,0,0,0,0,0,0,0.00250795490951173,0,0.0847454275825863,3.24384411799374e-05,0.000178411426489655,8.92057132448277e-05,0.00428187423575173,0.099410846840036,0,0,0,0,0,0,0,0,0,0.00490451442359406,0,0,0,0,0,0,0.0106154798761345,0,0,0,0,0,0,8.92057132448277e-05,0.00102586570231552,0,0,0.000237881901986207,0.000303299425032414,0.000936659989070691,0,0,0,0,0,0,0,0,0,0,0,0,0,0,0,0,0,0,0,0,0,0.000832586656951725,0,0,0.00133808569867242,0,0,0,0,0,0.00428187423575173,0,0,0,0.00433689832055695,0,0,0,0,0,0.00208146664237931,0.0157002055310897,0,0.0132024455602345,0,0,0,0,0.00142729141191724,0,0,0.000301769117817754,0.00151649712516207,0,0,0,0,0,0,0,0,0,0,0.00107046855893793,0.0167706740900276,0,0,0,0,0.000519015058878998,0,0,0,0.000416293328475863,0,0,0.00124887998542759,0.00526313708144483,0
"SW3_B",0,0,0,0,0,0,0,0,0,0,0,0,0,0,0,0,0,0,0,0,0.0136704114792602,0.00412353860230491,0,0,0.00116273816645223,0,0,0,0.00278445192492507,0.0012422939357358,0,0,0,0.000171350887687697,0,0,0,0,0,0,0,0,0,0,0,0,0,0,0,0.00102585070918292,0,0,0.00010709430480481,0,0,0,0.0516194549159186,0,0,0,0.000642565828828862,0,0,0,0,0,0.0593302448618649,0,0,0.000428377219219241,0.0237749356666679,0.160641457207216,0.00192769748648659,0,0,0.000642565828828862,0.0010709430480481,0,0,0,0,0.10173958956457,0,0.000826156065637109,0,0,0,0,0,0,0,0,0.000263616750288764,0.000214188609609621,0,0,0,0,0,0,0,0,0,0,0,0,0,0,0,0,0,0,0,0,0,0,0,0,0,0,0,0,0,0,0,0,0,0,0,0,0,0.0037627093852995,0.00149932026726735,0,0,0.0072824127267271,0.0231495166309034,0,0,0,0.000356981016016035,0,0,0.00535471524024052,0.0010709430480481,0,0,0.00963848743243293,0.000321282914414431,0,0,0,0,0,0,0.07903559694595,0.00118063672918313,0,0.00242747090890904,0,0,0.00578309245945976,0.000642565828828862,0,0,0,0.00246316901051064,0.00246316901051064,0,0,0,0,0,0,0,0,0,0,0,0,0,0,0,0.000499773422422448,0,0,0,0,0.0110664114964971,0,0,0,0,0,0,0,0,0,0,0,0.000806943133878106,0.000142792406406414,0,0,0.00224898040090102,0,0,0.00097914792964398,0,0,0,0,0.000919443787592518,0,0.0995887409813963,0,0,0,0,0,0,0,0.00278445192492507,0,0,0,0.00139222596246253,0,0.00342701775375393,0,0.00656845069469504,0,0.00211128772329483,0,0,0,0,0,0,0,0,0,0,0.0012110347105041,0,0,0.0126371279669676,0.000355211498048714,0.000214188609609621,0.00642565828828862,0,0,0,0,0,0,0,0.00334343195488188,0,0,0,0,0,0,0.0183131261216226,0,0,0,0,0,0.00489063991941967,0,0,0.00331403914648732,0.000214188609609621,0,0,0,0,0,0,0,0,0.00306679145577411,0,0.0705464142480078,0,7.13962032032069e-05,0.000142792406406414,0.00331992344894912,0.0861038210630675,0,0,0,0,0,0,0,0,0,0.00476933413260863,0,0,0,0,0,0,0.0116732792237243,0,0,0,0,0,0,0,0.000431083998351671,0,0,0,0.000192769748648659,0.000374830066816836,0.000963848743243293,0,0,0,0,0,0,0,0,0,0,0,0,0,0,0,0,0,0,0,0,0.000428377219219241,0,0,0.00224898040090102,0,0,0,0,0,0.00498751811897832,0,0,0,0.00326687673722337,0,0,0,0,0,0.00185630128328338,0.0160641457207216,0,0.00433029342817303,0.000142792406406414,0,0,0,0.0010709430480481,0,0,0.000362283453701628,0.00728241272672711,0,0,0,0,0.000499773422422448,0,0,0,0,0,0,0.0130655051861869,0,0,0,0,0.000545207369915398,0,0,0,0,0,0,0.00128513165765772,0.00361126602008479,0
"SW3_C",0,0,0,0,0,0,0,0,0,0,0,0,0,0,0,0,0,0,0,0,0.014473985720176,0.00288212751363123,0,0,0.00244456797197193,0,0,0,0.00258669401685402,0.000636724681071759,0,0,0,0,0,0,0,0,0,0,0,0,0,0,0,0,0,0,0,0.00353968654937919,0,0,0,0,0,0,0.0873506671845319,0,0,0,0.000596929388504774,0.000994882314174623,0,0,0,0,0.0789936557454651,0,0,0,0.021091505060502,0.125156195123168,0.000994882314174623,0.0119385877700955,0,0.00119385877700955,0,0,0,0,0,0.108641148707869,0,0,0,0,0,0,0,0,0,0,0.000244894108104523,0,0,0,0,0,0.000144418400444703,0,0,0,0,0,0,0,0,0,0,0,0,0,0,0,0,0,0,0,0,0,0.000596929388504774,0,0,0,0.000254842931246269,0,0,0,0,0,0,0.00300417964111155,0.00298464694252387,0,0,0.0060687821164652,0.0211041721413328,0,0,0.000198976462834925,0,0,0,0.00388004102528103,0.000298464694252387,0,0,0.00497441157087312,0.00109437054559209,0,0,0,0,0,0,0.128804096941808,0.000649088267111987,0,0.000994882314174623,0,0,0.00258669401685402,0.000795905851339699,0,0,0,0.000397952925669849,0.000994882314174623,0,0,0,0,0,0,0,0,0,0,0,0,0.000596929388504774,0,0,0,0,0,0,0,0.011474309356814,0,9.94882314174623e-05,0,0,0,0,0,0,0,0,0,0.000791278491738886,0,0,0,0.00169129993409686,0,0,0.000913424998898919,0,0,0,0,0,0,0.0819691869520754,0.000397952925669849,0,0,0,0,0,0,0.000994882314174623,0,0,0,0,0,0.00218874109118417,0,0.00404585474431013,0,0.00298464694252387,0,0,0.000149232347126193,0,0,0,0,0,0,0,0.00409611746590256,0,0,0.0137293759356098,0.000476642970778058,0,0.00358157633102864,0,0,0,0,0,0,0,0.00178593508105493,0,0,0,0,0,0,0.015719140563959,0,0,0,0,0,0.00368106456244611,0,0,0,0,0,0,0,0,0,0,0,0,0.00237415097700762,0,0.0445707276750231,3.6177538697259e-05,0,3.31627438058208e-05,0.00368106456244611,0.0917679446594672,0,0.00023877175540191,0,0,0,0,0,0,0,0.00411698402597956,0,0,0,0,0,0,0.00865547613331922,0.000802617788606165,0,0,0,0,0,0,0,0,0,0,0.00015918117026794,0,0.000895394082757161,0,0,0,0,0,0,0,0,0,0,0,0,0,0,0,0,0,0,0,0,0.000729580363728057,0,0,0.00189027639693178,0,0,0,0,0,0.00215247497853471,0,0,0,0.005216158675252,0,0,0,0,0,0.00165813719029104,0.00577031742221281,0,0.00438811937104509,0,0,0,0,0.00119385877700955,0,0,9.61580814118569e-05,0.00457645864520327,0,0,0,0,0.000464278413281491,0,0,0,0,0,0,0.0169129993409686,0,0,0,0,0,0,0,0,0,0,0,0.000198976462834925,0.00246474070092294,0
"SW4_A",0,0,0,0,0,0,0,0,0,0,0,0,0,0,0,0,0,0,0,0,0.0115227497336804,0.00971961260837389,0,0,0.00213846327823658,0,0,0,0.0029106861287109,0.00058213722574218,0,0,0,0,0,0,0,0,0,0,0,0,0,0,0,0,0,0,0,0.00256052839894116,0,0,0,0,0,0,0.0268198936145504,0,0,0,0.00145534306435545,0,0,0,0,0,0.0488579457319329,0,0,0,0.0147613367956053,0.126822752750975,0.00124743691230467,0,0,0.00166324921640623,0,0,0,0,0,0.144494775675291,0,0,0,0,0,0,0,0,0,0,0,0,0,0,0.0010048797349121,0,0,0,0,0,0,0,0,0,0,0,0,0,0,0.000277208202734371,0,0,0,0,0.000103953076025389,0,0,0,0,0,0,0,0,0,0,0,0,0,0,0.00473588417939132,0,0,0,0.00654904378959952,0.0265850051067007,0.000179676692873242,0,0,0,0,0,0.00592532533344719,0,0,0,0.0030980075132319,0.00103953076025389,0,0,0,0,0,0,0.0341659109870113,0.000935577684228503,0,0,0,0,0.000457393534511713,0.000727671532177724,0,0,0,0.000935577684228503,0.000311859228076168,0,0,0,0,0,0,0,0,0,0,0,0,0,0.000415812304101557,0,0.00145534306435545,0,0,0.000623718456152335,0,0.0110190260586913,0,0,0,0,0,0,0,0,0,0,0,0.00104436578704577,0,0,0,0,0,0,0.00374231073691401,0,0,0,0,0,0,0.128953790809495,0.000118803515457588,0,0,0,0,0.000207906152050778,0,0.00187115536845701,0,0,0,0,0,0.000762322557519521,0,0.00776182967656239,0,0.00479783427809489,0,0,0,0,0,0.000132303914941404,0,0,0,0,0.00235282805335402,0,0,0.00706880916972647,0.000415812304101557,0,0.0029106861287109,0,0,0,0.000277208202734371,0,0,0,0.00586295348783195,0,0.000249487382460934,0,0,0,0,0.0176720229243162,0,0,0,0,0,0.0048511435478515,0,0,0.00332649843281245,0,0,0,0,0,0,0,0,0,0,0,0.0897115046099109,0.000151204474218748,0.000207906152050778,0.000207906152050778,0.00353440458486323,0.122623048479549,0,0.000207906152050778,0,0,0,0,0,0,0,0.00338977733579049,0,0,0,0,0,0,0.0121625098949705,0,0,0,0,0,0,0,0.00103953076025389,0,0,0,0.000311859228076168,0.00163726094739988,0,0,0,0,0,0,0,0,0,0,0,0,0,0,0,0,0,0,0,0,0,0.00048511435478515,0,0.000207906152050778,0.00218301459653317,0,0,0,0,0,0.0057693957194091,0,0,0,0.0030719591251615,0,0,0,0,0,0.00207906152050778,0.0153850552517576,0,0.0132020406552244,0,0,0,0,0.00145534306435545,0,0,0,0.00228696767255856,0,0,0,0,0.000762322557519521,0,0,0,0,0,0,0.0195431782927732,0,0,0,0,0,0,0,0,0,0,0.000831624608203114,0.00124743691230467,0.0058213722574218,0
"SW4_B",0,0,0,0,0,0.00119588648498197,0,0,0,0,0,0,0,0,0,0,0,0,0,0,0.00837120539487382,0.00677669008156452,0,0,0.00324597760209393,0,0,0,0.00478354593992789,0.000518217476825522,0,0,0.00033219069027277,0,0.000199314414163662,0,0,0.000498286035409156,0,0,0,0,0,0,0,0,0,0,0,0.00313657946499658,0,0,0,0,0,0.000398628828327325,0.0599936386632623,0,0,0,0.0015945153133093,0.00179382972747296,0,0,0,0,0.0882962854745024,0,0,0.000199314414163662,0.0191341837597116,0.115602360214924,0.000398628828327325,0.012955436920638,0,0.00199314414163662,0,0.000398628828327325,0,0,0,0.0988599494251765,0,0,0,0,0,0,0,0,0,0,0.000858585168705007,0.000740310681179317,0,0.00157236926729111,0.00265752552218216,0,0,0,0,0,0,0,0,0,0,0,0,0,0,0,0,0,0,0,0,0,0,0,0.000398628828327325,0,0,0,0,0,0,0,0,0,0,0.00295442673633925,0,0,0,0.00398628828327325,0.0317542351506513,0,0,0,0,0,0,0.0073746333240555,0,0,0,0.00303905146348554,0.00109622927790014,0.000241721736326144,0,0,0.00158764240247607,0,0,0.0596614479729896,0.000348800224786409,0,0.000930133932763757,0,0,0.000518217476825522,0.000398628828327325,0,0,0.000398628828327325,0.000498286035409156,0.00368731666202775,0,0,0,0,0,0,0,0,0,0,0,0,0,0,0,0,0,0,0,0,0.0102979113984559,0,0.000199314414163662,0,0,0,0,0,0,0,0,0,0.00116807517137774,0,0,0,0.00199314414163662,0,0,0.00348800224786409,0,0,0,0,0,0,0.0838366254575904,0,0,0,0,0,0,0,0.000996572070818311,0,0,0,0.00149485810622747,0,0.000465066966381879,0,0.00657737566740085,0,0.00551947608453219,0,0,0,0,0,0,0,0,0,0,0.00215471854838468,0,0,0.00837120539487382,0.000757394773821917,0,0.00219245855580029,0,0,0,0,0,0,0.000697600449572818,0.00669696431589905,0,0,0.00191341837597116,0,0,0,0.0160448103401748,0,0,0,0,0,0.0060790896319917,0,0,0,0,0,0,0,0.000119588648498197,0,0,0,0,0.00266511845224554,0,0.0582994661428712,3.62389843933931e-05,0,9.96572070818311e-05,0.00428525990451874,0.127840265244573,0,0,0,0,0,0,0,0,0,0,0,0,0,0,0,0,0.00906880584444663,0,0,0,0,0,0,0,0,0,0,0.000199314414163662,0.000179382972747296,0.000523200337179613,0.00139520089914564,0,0,0,0,0,0,0.000199314414163662,0,0,0,0,0,0,0,0,0,0,0,0,0,0.00239177296996395,0,0,0.00149485810622747,0,0.000622857544261445,0,0,0,0.00323885923015951,0,0,0,0.00237500820615579,0,0.000597943242490987,0,0,0,0.00132876276109108,0.0193334981738752,0,0.0120585220569016,0,0,0,0,0.00119588648498197,0,0,0.000144482101480563,0.000996572070818311,0,0,0,0,0.00112944834692742,0,0,0,0,0,0,0.0219245855580028,0,0,0,0,0,0,0,0.00458423152576423,0,0,0,0.000996572070818311,0.00388663107619141,0.000465066966381879
"SW4_C",0,0,0,0,0,0,0,0,0,0,0,0,0,0,0,6.95925178077775e-05,9.48988879196966e-05,0,0,0,0.00720031020089505,0.00961246652219927,0,0,0.0020281248046838,0,0,0,0.00334044085477332,0.000709843681639331,0,0,0,0,0,0,0,0,0,0,0,0,0,0,0,0,0,0,0,0.00385689059218893,0,0,0,0.000417555106846665,0,0,0.0407116229175498,0,0,0,0.00146144287396333,0,0,0,0,0,0.0565787169777231,0,0,0.000626332660269998,0.0194163124683699,0.116289097256796,0.00125266532054,0,0,0,0,0,0,0,0,0.133200079084086,0,0,0,0,0,0,0,0,0,0,0,0,0,0.000394357600910739,0,0,0,0,0,0,0,0,0,0,0,0,0,0,0,0,6.26332660269997e-05,0,0,0,0,0,0.000313166330134999,0,0.000208777553423333,0,0.000208777553423333,0,0,0,0,0,0,0,0,0.00375045388122171,0.000417555106846665,0,0,0.00615893782598831,0.0294016082737639,0,0,0,0,0,0,0.00595016027256498,0,0,0,0.00173636777104554,0.00125266532054,0,0,0,0,0,0,0.0445392113969776,0.00125266532054,0,0.00027837007123111,0,0,0.000876865724377997,0.000574138271914164,0,0,0,0.00104388776711666,0.000626332660269998,0,0,0,0.000347962589038888,0,0,0,0,0,0,0,0,0,0.000208777553423333,0,0.00104388776711666,0,0,0,0,0.0096037674574733,0,0.000173981294519444,0,0,0.00135705409725166,0,0,0,0,0,0,0.00100504543159604,0.000542821638900665,0,0,0.00167022042738666,0,0,0.00386238473833165,0,0,0,0,0,0,0.111617699498949,2.98253647747618e-05,0.000182680359245416,0,0,0,0,0,0.000626332660269998,0,0,0,0,0,0.00055674014246222,0,0.00849028717254885,0,0.00693783869837536,0,0,0.000305528126960974,0,0,0,0,0,0,0,0.00193036878907343,0,0,0.0083511021369333,0.000417555106846665,0,0.00459310617531332,0,0,0,0,0,0,0,0.00400852902572798,0,0.000250533064107999,0,0,0,0,0.0153451501766149,0,0,0,0,0,0.00438432862188998,0,0,0.00187899798080999,0,0,0,0,0,0,0,0,0,0,0,0.0851812417967197,0.000151838220671515,0.00055674014246222,0.000139185035615555,0.00574138271914164,0.136958075045706,0,0,0,0,0,0,0,0,0,0.00241093251294135,0,0,0,0,0,0,0.0136749297492283,0,0,0,0,0,0,0,0,0,0,0.000208777553423333,0,0.000730721436981664,0.00125266532054,0,0,0,0,0,0,0,0,0,0,0,0,0,0,0,0,0,0,0,0,0.00027837007123111,0,0,0.00187899798080999,0,0,0,0,0,0.00782915825337497,0,0,0,0.00228874831930438,0,0,0,0,0,0.00180940546300221,0.0150319838464799,0,0.0159714828368849,0,0,0,0,0.00125266532054,0,0,0.000504472958585667,0.000782915825337497,0.000139185035615555,0,0,0,0.000904702731501107,0,0,0,0,0,0,0.0141968736327866,0,0,0,0,0,0,0,0,0,0,0,0.00167022042738666,0.00281849697121499,0
"SW5_A",0,0,0,0,0,0,0,0,0,0,0,0,0,0,0,0,0,0,0,0,0.00467627968268848,0.00828091193809419,0,0,0.00209955414324789,0,0,0,0.00155875989422949,0.000489895966757841,0,0,0,0,0,0,0,0,0,0,0,0,0,0,0,0,0,0,0,0.00335191977255365,0,0,0,0,0,0,0.0423091971290863,0,0,0,0.00111339992444964,0.000890719939559711,0,0,0,0,0.0866225141221819,0,0,0.00100205993200468,0.0151422389725151,0.105327632852936,0.000222679984889928,0,0,0,0,0,0,0,0,0.109558552565844,0,0,0,0,0,0,0,0,0,0,0.000454267169175453,0,0,0,0,0,0,0,0,0,0,0,0,0,0,0,0,0,0,0,0,0,0,0,0,0,0,0,0,0,0,0,0,0,0,0,0,0,0,0.0030563526052893,0.000668039954669783,0,0,0.00556699962224819,0.0250573390866058,0,0,0,0,0,0,0.00634637956936294,0,0,0,0.00192915828493749,0.00100205993200468,0,0,0,0,0,0,0.0652452355727488,0.000612369958447301,0,0.000519586631409831,0,0,0,0.000501029966002338,0,0,0,0.000779379947114747,0,0,0,0,0,0,0,0,0,0,0,0,0,0,0,0,0,0,0,0,0,0.00838761276418728,0,0,0,0,0,0,0,0,0,0,0,0.00153804547703043,0.00018556665407494,0,0,0.000334019977334892,0,0,0.00155875989422949,0,0.000222679984889928,0,0,0,0.000222679984889928,0.101792588092808,3.18114264128468e-05,0,0,0,0,0,0,0.00133607990933957,0,0,0,0,0,0.000222679984889928,0,0.00608658625365802,0,0.00472766737150924,0,0,0,0,0,0,0,0,0,0,0.00251809086886307,0,0,0.00734843950136762,0.000267215981867913,0,0.00244947983378921,0,0,0,0,0,0,0,0.0049434956645564,0,0,0,0,0,0,0.0155875989422949,0,0,0,0,0,0.00359999308905383,0,0,0,0,0,0,0,0,0,0,0,0,0.00175599073798915,0,0.0522184564566881,8.09745399599737e-05,0.000148453323259952,7.42266616299759e-05,0.00734843950136762,0.225040392729761,0,0,0,0,0,0,0,0,0,0.00176208641949112,0,0,0,0,0,0,0.00723709950892265,0,0,0,0,0,0,0,0,0,0,0,0.000423091971290863,0,0.00178143987911942,0,0,0,0,0,0,0,0,0,0,0,0,0,0,0,0,0,0,0,0,0.000222679984889928,0,0,0.00144741990178453,0,0,0,0,0,0.0040082397280187,0,0.000458654297235971,0,0.00116750907965654,0,0,0,0,0,0.00111339992444964,0.00311751978845899,0,0.00857317941826222,0,0,0,0,0.000816493277929735,0,0,0.000107613130773166,0.000668039954669783,0,0,0,0,0.000445359969779856,0,0,0,0,0,0,0.0180370787760841,0,0,0,0,8.09745399599737e-05,0,0,0,0,0,0,0.00155875989422949,0.00256081982623417,0
"SW5_B",0,0,0,0,0,0,0,0,0.000582870491254994,0,0,0,0,0,0,0,0,0,0,0,0.00664472360030693,0.00701873216552889,0,0,0.00353052983274454,0,0,0,0.00326407475102797,0.000326407475102797,0,0,0,0,0,0,0,0,0,0,0,0,0,0,0,0,0,0,5.82870491254994e-05,0.00255235920381134,0,0,0,0,0,0,0.0543235297849655,0,0,0,0.00139888917901199,0.00233148196501998,0,0,0,0,0.113776319892975,0,0,0,0.0142220399866219,0.108647059569931,0,0,0,0,0,0,0,0,0,0.0862648327057391,0,0,0,0,0,0,0,0,0,0,0,0,0,0.000259053551668886,0,0,0,0,0,0,0,0,0,0,3.33068852145711e-05,0,0,0,0,0,6.99444589505993e-05,0,0,0,0,0,0,0,0,0,7.77160655006659e-05,0,0,0,0,0,0,0,0,0.00211180083406675,0.000582870491254994,0,0,0.00349722294752996,0.0245490035517531,0,0,0,0,0,0,0.00547898261779695,0,0,0,0.00218143609598404,0.000932592786007991,0,0,0,0,0,0,0.0847105113957258,0.00104916688425899,0,0.00108802491700932,0,0,0,0.000874305736882491,0,0,0.000816018687756992,0,0.00104916688425899,0,0,0,0,0,0,0,0,0,0,0,0,0,0,0,0,0.000349722294752996,0,0,0,0.0114242616285979,0,0,0,0,0,0,0,0,0,0,0,0.000731976895994644,0,0,0,0,0,0,0.00139888917901199,0,0.000186518557201598,0,0,0,0,0.0917146717989733,0,0.000320578770190247,0,0,0,0,0,0,0,0,0,0.000416336065182139,0,0.000621728524005327,0,0.00435209966803729,0,0.00355102637749196,0,0,0,0,0,0,0,0,0,0,0.00215772119304258,0,0,0.00396351934053396,0.000373037114403196,0,0.00163203737551398,0,0,0,0,0,0,0,0.00349722294752996,0,0.000233148196501998,0,0,0,0,0.0143386140848729,0,0,0,0,0,0.0036526550785313,0,0,0,0,0,0,0,0,0,0,0,0,0.000639492196119765,0,0.0438318609423756,9.61940111441809e-05,0.000388580327503329,0,0.00827676097582092,0.213703636913731,0,0,0,0,0,0,0,0,0,0.000735267152548462,0,0,0,0,0,0,0.00757731638631492,0,0,0,0,0,5.82870491254994e-05,0,0,0,0,0,0.000279777835802397,0.000612014015817744,0,0,0,0,0,0,0,0,0,0,0,0,0,0,0,0,0,0,0,0,0,0.000388580327503329,0,0,0,0,0,0,0,0,0.00594527901080094,0,0,0,0.000555633552411303,0,0,0,0,0,0.000621728524005327,0,0,0.00850990917232292,0,0,0,0,0.000777160655006659,0,0,0,0.000699444589505993,0,0,0,0,0.000621728524005327,0,0,0,0,0,0,0.0228485232571958,0,0,0,0,0,0,0,0,0,0,0,0.000233148196501998,0.00338064884927897,0
"SW5_C",0,0,0,0,0,0,0,0,0,0,0,0,0,0,0,0,0,0,0,0,0.00635821395128294,0.0076908925570971,0,0,0.00336964055239954,0,0,0,0.00486725857568823,0.000336964055239954,0,0,0,0,0,0,0,9.36011264555428e-05,0,0,0,0,0,0,0,0,0,0,0,0.00384257255975386,0,0,0,0,0,0,0.0454901474573938,0,0.000748809011644343,0,0.00112321351746651,0.00112321351746651,0,0,0,0,0.110074924711718,0,0,0.000468005632277714,0.0155377869916201,0.0999660030545197,0.00243362928784411,0.0114193374275762,0,0,0,0,0,0,0,0.0909802949147876,0.000436805256792533,0,0,0,0,0,0,0,0,0,0,0,0,0.000187202252911086,0,0.000156001877425905,0,0,0,0,0,0,0,0,0,0,0,0,0,0,0,0,0,0,0,0,0,0,0,0,0,0,0,0,0,0,0,0,0,0.0023633694406375,0.000374404505822171,0,0,0.00439925294341051,0.0249968493994274,0,0,0,0,0,0,0.00664567997834354,0.000748809011644343,0,0,0.00188128996737378,0.000748809011644343,0,0,0,0,0,0,0.0870490476036548,0.000280803379366628,0,0,0,0,0.000599047209315474,0.000421205069049943,0,0,0,0.0006552078851888,0.000187202252911086,0,0,0,0,0,0,0,0,0,0,0,0,0,0,0,0,0,0,0,0,0.00911050964167283,0,0.000124801501940724,0,0,0,0,0,0,0,0,0,0.001175456006651,0,0,0,0,0,0,0.00159121914974423,0,0,0,0,0,0,0.0894358763282712,0,0.000210602534524971,0,0,0,0,0,0.0013104157703776,0,0,0,0.000802295369618938,0,0.000561606758733257,0,0.0034320413033699,0,0.00371524471162001,0,0,0,0,0,0.000136147093026244,0,0,0,0,0.00365612751664956,0,0,0.00411844956404388,0,0,0.00187202252911086,0,0,0,0,0,0,0,0.00359428325589284,0,0,0,0,0,0,0.012074545312765,0,0,0,0,0,0.00271443266721074,0,0,0.00168482027619977,0,0,2.67431789872979e-05,0,0,0,0,0,0,0.0012836725913903,0,0.0421205069049943,6.80735465131221e-05,0.000499206007762895,0.000156001877425905,0.00627127547252137,0.210864617679047,0,0,0,0,0,0,0,0,0,0.000890978130771851,0,0,0,0,0,0,0.0052416630815104,0,0,0,0,0,0,9.36011264555428e-05,0.00112321351746651,0,0,0,0.000187202252911086,0,0,0,0,0,0,0,0,0,0,0,0,0,0,0,0,0,0,0,0,0,0,0,0,0,0.00159121914974423,0,0,0,0,0,0.00463325575954937,0,0,0,0.00214145380900158,0,0,0,0,0,0.00106081276649615,0.00449285406986605,0,0.0091729103926432,0,0,0,0,0.00156001877425905,0.000187202252911086,0,0,0.000374404505822171,0,0,0,0,0.000374404505822171,0,0,0,0,0,0,0.0234002816138857,0,0,0,0,0,0,0,0,0,0,0,0.000374404505822171,0.00243362928784411,0
