MassFeature_Column,20ppt3C_A,20ppt3C_B,20ppt3C_C,35ppt0C_A,35ppt0C_B,35ppt0C_C,50ppt-3C_A,50ppt-3C_B,50ppt-3C_C,Ev15SW_A,Ev32Core_A,Ev32Core_B,Ev32Core_C,Ev37Core_A,Ev51Slush_A,EvXCore_A,EvXSW_A,Hero1_A,Hero1_B,Hero1_C,StaB1_A,StaB1_B,StaB1_C,StaB1_D,StaB1_E,StaB2_A,StaB2_B,StaB2_C,StaB3_A,StaB3_B,StaB3_C,StaB4_A,StaB4_B,StaB4_C,StaB5_A,StaB5_B,StaB5_C
(3-Carboxypropyl)trimethylammonium (TMAB)_X_HILICPos,30759797.217947856,33573940.50601172,26163824.623313162,34062526.932369106,30175145.839947656,35088159.297460586,20837627.252810303,18194824.53716335,33472136.213138774,10457062.065443283,822080957.9034828,190137631.28353631,83513218.08465886,NA,813084332.1288452,223897564.072787,4473288.43633941,7826280.711220289,13839160.711746851,14491783.096174922,12287716.447610145,9559842.904331014,15188731.12753115,7789134.878639392,9141180.197332652,18761649.45197282,11901915.676284911,16781016.498649187,18497506.011577006,14914875.995324092,17867024.847942498,23074963.555498794,20617382.469167143,24978570.27252622,24863735.082210004,37408902.4502911,24867879.228880424
3OC12-HSL_X_RP,327441.6666666667,270166.12903225806,689921.6666666667,580290.3225806452,665345.1612903225,175819.23076923075,152147.72727272726,152779.3103448276,166530,1511.111111111111,265472,130204,10880,NA,3171880,77779.03225806452,2733.668341708543,8844.137931034484,5802.714932126697,6286.274509803921,25592.25806451613,14101.818181818182,26239,2907.936507936508,2524.4094488188975,2849.777777777778,24844.363636363636,45796.84210526316,57937.27272727272,2594.607843137255,22604.29594272076,32378.867924528302,85951.69811320755,42835.9756097561,4541.346153846153,4106.956521739131,3148.6666666666665
3OC8-HSL_X_RP,96652.92582287414,115375.67018366033,773804.9880022438,352174.49198301946,190603.08256944438,76765.67500743963,182.8838910253905,183.640652447737,181.46438719821575,26.44537229715713,402582.6787884983,161083.66719586335,286931.12790671055,NA,457.40287767292875,199.21004432892133,45.1645170778027,27491.53789418171,21932.79960626013,19641.964629896866,10094.389774298685,8750.600387141969,10296.13251664475,11572.862213302367,11006.884628305394,14600.61661880151,10856.855331688492,18571.54268256932,4870.386102583639,5231.702036283204,7579.340613371933,70.21644313438412,97.43204383761157,63.923977937691035,53521.46475187618,74998.79193208172,81422.56182375218
3OHC12-HSL_X_RP,277721.6666666667,268762.9032258064,277721.6666666667,538288.7096774194,833291.935483871,381291.0256410256,491163.63636363635,372606.8965517242,432224,49761.11111111111,716560,358280,358280,NA,3586500,791411.2903225806,90020.10050251256,377831.7241379311,247898.64253393665,268556.862745098,88363.87096774194,83008.48484848485,91309.33333333333,124230.38548752834,107845.66929133858,121745.77777777778,99610.18181818182,144172.6315789474,134215,144741.66666666666,140941.76610978518,205003.77358490566,205003.77358490566,165628.04878048782,261182.6923076923,236200.00000000003,181086.66666666666
4-Hydroxyisoleucine_X_HILICPos,6832042.94197742,6901498.833645114,6469060.837376901,26685626.34171527,23819036.888607733,27614069.03643358,20527192.61600039,25842401.011065513,40546094.32664285,3407734.243755813,181123151.0276608,24179164.419783767,21975558.971212495,NA,84880838.57029393,111242737.45486604,5294777.310076544,17864216.490982223,10950014.53081771,11984205.301543185,4038796.2785669477,4283353.249701526,3901093.007396933,5315139.823156032,4552882.710651423,6908996.417250204,3915916.7402729834,6412650.543967203,5449745.469559775,5759049.050987019,5458034.185727824,19887357.620102994,16134205.717780888,20268952.391240925,15691743.361740483,15097392.755343283,8497975.192963034
6-Methyladenine_X_HILICPos,1280231.827394972,1475133.7718872263,1558943.069608836,3430537.3077017316,4332574.399051108,2736408.4850732586,2430751.79779936,2518703.274161978,706311.5130647614,186670.51053188727,3268138.3936797483,1364236.4803955967,4362935.2385717,NA,3236677.743847221,5713216.180516637,320516.00531511527,643408.5065585079,448880.7957730104,386299.09965676826,181250.98161878504,811176.4324591833,365843.8203010387,255851.6439973474,186856.54317690455,693674.9357373167,541370.9460812901,394699.7660974227,587485.3387649447,697579.4838094839,742967.0210452033,1614450.086188084,693567.5707032044,1033925.5983787185,806316.2312846466,1705142.3464021976,1165598.196044578
7-dehydrocholesterol_X_RP,281568.3333333334,111301.6129032258,166.66666666666669,287158.06451612903,179190.32258064515,3589.74358974359,227.27272727272728,172.41379310344828,200,27.77777777777778,400,200,200,NA,500,68453.2258064516,50.25125628140704,9791.724137931034,6424.434389140271,6959.803921568628,2290,2151.2121212121215,2366.3333333333335,3219.501133786848,2794.8818897637793,3155.1111111111113,2581.4545454545455,3736.315789473684,9035.90909090909,9744.607843137255,9488.782816229115,11423.396226415094,11423.396226415094,9229.268292682927,14553.846153846152,13161.739130434784,10090.666666666666
Acetyl-L-carnitine_X_HILICPos,286645733.3333334,324907509.67741936,275611680,223335767.7419355,134953277.41935483,195928389.74358973,44517377.27272727,38178955.172413796,67347296,31155786.666666664,806564416,267895504,160036880,NA,1328949280,294351225.8064516,11914167.83919598,15660142.068965517,30341534.84162896,28674615.68627451,17578905.80645161,12192850.90909091,19179769.333333332,12938207.709750567,18824272.44094488,25804924.444444444,18624103.272727273,30458364.210526317,30258274.545454543,28297770.588235293,29508024.821002383,56970384.905660376,57100425.66037736,48746190.243902445,45225930.76923077,48110024.34782609,55726954.666666664
Acetylglutamic acid_X_HILICNeg,1641951.6793305096,1974852.8440941286,2576340.458151984,28969443.8884713,30468749.65404412,43096457.89881566,3101114.803041401,2721294.106866446,2524838.6121100197,565511.8268352164,9023341.377299376,4077001.649331372,3810319.4281076756,NA,11352649.643764956,22026866.199854385,1065323.0477891776,4495137.633250412,2407859.6708313087,2048057.630199825,3827652.0059739053,3130545.4183837147,5855809.616280958,2327413.459213278,1065936.4383187736,8938599.190507082,4723098.4127496565,7867724.536753062,7947424.169456069,9731673.434430998,11529550.357272433,14230501.139656529,13358552.090529185,16482482.197586546,11802056.406853976,10828165.515788522,12987266.69045416
Aconitic Acid_X_HILICNeg,2960333.3333333335,5254640.322580645,1298961.6666666667,7133745.161290322,2498793.5483870967,4275569.230769231,971456.8181818182,1507015.5172413795,1428956,244474.44444444444,11431344,3386390,2715254,NA,7397450,3918304.8387096776,246769.34673366835,597435.8620689656,391982.80542986427,424648.03921568627,732628.3870967742,131254.84848484848,303499.3333333333,426864.85260770976,170527.9527559055,192507.11111111112,157505.81818181818,227968.94736842107,1144075.909090909,421813.23529411765,732684.9642004772,442993.2075471698,442993.2075471698,357906.09756097564,564390.3846153846,510405.2173913044,391310.6666666667
Adenine_X_HILICPos,791148781.6589333,541149935.0154594,468895997.4823951,627075519.9895701,1024373812.8064247,684015728.0938009,265362648.94578725,258944659.13509893,381283708.4367435,32665585.61891315,6093145783.41047,1489549405.6106813,1071390276.0510828,NA,1956580700.8480573,1331639822.7152262,43045776.052173965,260177941.7079031,224150786.45336577,257106233.31013379,47427652.77582145,115242777.72852103,62234790.39551576,68017896.70623417,52645490.98983866,131718911.09560686,58432465.84669176,69151603.8039668,87771969.83934477,134566399.80881697,85707380.35327895,144450619.9891259,94534477.98602429,93442027.00899513,503590550.57296586,291228585.96700346,186020551.52547517
Adenosine_X_HILICPos,1430923306.6666667,1508563716.1290324,1009605333.3333334,631773316.1290323,655998658.0645162,461029948.7179487,631343272.7272727,612752551.724138,687870528,56700044.44444444,6958404608,1485898368,799960000,NA,665138720,2387753909.677419,129708928.64321609,47622560,54917849.773755655,62159756.8627451,18422323.870967742,27203200,30429786.666666668,30807742.40362812,26453760.62992126,66581120,48761041.45454545,62479587.368421055,61027963.63636363,91417764.70588236,83882058.2338902,152827701.1320755,116724021.13207547,111435014.63414635,167355584.6153846,92066726.95652175,96500928
Adenosyl Homocysteine_X_HILICPos,5741118.749619986,12362375.862031532,12679098.845436186,10797263.357650131,6523665.219343839,4100519.593664101,1078830.981679542,1645635.0497699783,1384764.274522095,1249112.2789362385,3376979.245810843,187.54628526562843,167.7579827994692,NA,373.34354068013715,156.86543947029506,20384.992111147323,75410.50725015388,37567.05736204871,45563.65310463007,97996.02989764337,79989.65967423948,123135.03720279352,110323.17236548851,57456.72817458394,408663.2748654157,154784.85925617817,515753.288333323,487738.6182221504,541597.8702467891,408568.52980075974,616698.1591613487,1599036.1256838362,503653.0484067927,92172.9805792741,289399.0959817671,352256.05397235113
Adenosyl Methionine_X_RP,35780601.93218328,40371766.80278615,28305773.545101814,42840879.51050889,24458252.157020807,42348012.76005918,4639513.764383452,4845639.585031786,7550081.6941677155,778808.2805395883,41598791.01155799,6251284.841777431,5234649.763485573,NA,9888249.76025279,13200131.657139828,220194.18327077775,91404.01710197037,196634.04947429718,123137.67860957005,1170570.1326575954,637221.1613462926,510267.5448796877,366170.26523637,441744.61822319217,2003455.352373982,1366592.83170493,2693315.1865504063,2660632.8274963526,3018396.8938727765,4124726.8403803,3361502.6774073504,4851446.4249718925,3873173.000438081,1862277.9135334417,3929006.779195831,4684651.97302343
ADP_X_HILICNeg,218711.6666666667,1027125.806451613,166.66666666666669,161.29032258064515,161.29032258064515,128.2051282051282,423831.8181818182,2533412.0689655175,1235640,390845.8333333333,253000,460210,126500,NA,3095880,102016.12903225806,31783.91959798995,137.93103448275863,90.49773755656109,98.0392156862745,21042.25806451613,30.303030303030305,33.333333333333336,184072.1088435374,39.37007874015748,44.44444444444444,36.36363636363637,52.631578947368425,45.45454545454545,49.01960784313725,47.732696897374694,90863.39622641509,90863.39622641509,73410.9756097561,115763.46153846153,104690.4347826087,80262.66666666667
Agmatine_X_RP,278410.4393985214,417822.79865919484,221.92474683082258,695025.2938648933,852269.6447245666,356163.6566066445,182.8838910253905,138918.64435713962,109041.95026740784,84893.87633344193,13761789.003416978,2657799.9901590683,28166986.20481875,NA,211269.81516834904,2056795.8972854735,20861.038793066287,104330.31256502397,107409.2379859414,30896.051660331334,528198.4896622694,322088.34577470185,591909.8963571477,442844.3577851652,150300.958243248,451058.8896878052,447595.921316867,598816.4284529438,374881.68529727263,262837.1885193893,640063.5664856428,928582.2673816824,1217958.0328760087,585065.486554276,1314113.4647247216,1005485.9611944549,1220541.7176954781
Alanine_X_HILICPos,691701334.9946367,691674213.906457,682034320.4318721,2759054861.9849873,2584961533.930533,3708847636.05239,726593068.4571993,596159423.1037465,1061188563.2633064,29726562.306933075,866538497.3763227,139520623.4408897,75367379.73068926,NA,812392873.8545146,254899241.25989795,15161599.273824347,9462029.855580242,19544699.029093206,16342779.898571633,103108485.41605976,107086580.37600173,133881892.77692284,48337659.24841002,78808492.8083021,268372562.15362924,169124092.9023597,291494319.0237409,265421721.29049906,395214744.3132725,409769090.6505974,688354259.9954832,699709277.9992535,619419981.0996732,592921133.9530023,666401085.136139,723780366.1182543
Amino Propanesulfonic Acid_X_HILICNeg,166.66666666666669,161.29032258064515,166.66666666666669,537406.4516129033,630359.6774193548,984678.2051282051,227.27272727272728,172.41379310344828,200,27.77777777777778,400,200,200,NA,500,161.29032258064515,50.25125628140704,43428.965517241384,28494.117647058825,30868.62745098039,10156.774193548386,9541.212121212122,10495.333333333334,14279.36507936508,12396.062992125984,13993.777777777777,11449.454545454546,16571.578947368424,45.45454545454545,49.01960784313725,47.732696897374694,75.47169811320755,75.47169811320755,60.97560975609756,96.15384615384615,86.95652173913044,66.66666666666667
AMP_X_HILICNeg,29634807.89074853,37727289.1857812,4232736.604552912,88768154.98726021,51532166.59520688,57838949.460331365,8490357.977398127,10297801.523426611,16858240.568843182,3813514.709593371,224350241.64666012,33256767.546006378,30452410.528485447,NA,50728284.76048468,27864018.563820556,184354.05711940766,1091883.9778336554,1146163.696335189,1710267.3817033297,2766228.796417519,2634521.8303868556,2696805.889279337,4156322.7080546548,2579438.7091725348,14385269.326546308,5197444.985179915,9917052.596251054,10773480.030064743,7148288.642689145,9240293.473165091,18391370.369774375,20044836.091023102,17249785.159789227,11529165.242397415,11047766.823636826,10487957.415219894
Anserine_X_HILICPos,507400,439988.70967741933,155876.6666666667,129945.16129032258,129945.16129032258,103289.7435897436,122170.45454545454,92681.03448275862,107510,19296.944444444445,1422120,348008,348956,NA,1249965,112046.7741935484,34909.04522613066,615704.827586207,403969.23076923075,437633.3333333333,143995.48387096773,135268.48484848486,148795.33333333334,202442.63038548752,175742.51968503935,198393.77777777778,162322.18181818182,234940,304765,328668.1372549019,320039.6181384248,97343.39622641509,97343.39622641509,78646.34146341463,124019.23076923077,112156.52173913045,85986.66666666667
Arginine_X_HILICPos,2600061440,4175854245.16129,3657239466.666667,3760104877.419355,1384204800,2300762584.6153846,552626072.7272727,1588211862.0689657,840682176,108160017.77777778,3465921536,977907520,2214712832,NA,889482080,1131416980.6451614,45804751.75879397,47609120,468197762.8959276,483856847.0588235,279872825.8064516,55622724.84848485,84990661.33333333,131371014.96598639,37185011.02362204,76121294.22222222,53845102.54545455,327220715.7894737,327409687.27272725,86383160.78431372,406801229.594272,161269820.3773585,521834553.9622642,177098321.95121953,80430838.46153846,144842281.73913044,540511146.6666666
Argininosuccinic Acid_X_HILICPos,955871.6666666667,2705791.935483871,1755568.3333333335,3954450,961900,2172441.0256410255,572454.5454545454,1611496.551724138,807652,141035,2284400,754606,1769614,NA,1100115,1432064.5161290322,50.25125628140704,137.93103448275863,273512.2171945701,398900.98039215687,471993.5483870968,71196.06060606061,138479,255195.01133786846,75370.07874015748,369678.22222222225,207766.9090909091,1175552.105263158,1231952.2727272727,280116.6666666667,1461023.3890214795,772307.1698113207,2267372.8301886795,842978.6585365854,393378.8461538461,404747.82608695654,2157376.6666666665
Asparagine_X_HILICPos,396058047.0247546,303320727.4613846,306737462.7194842,528545133.52739453,466232894.722952,690369890.8860564,94380218.87385947,96037886.00038841,146938251.03512836,4323485.939035855,168364349.94699985,37476714.03949809,26354110.67740522,NA,114763722.56317312,59019367.603690945,3514956.2446475863,7105037.850692982,3668018.405520539,3203689.4653278943,12150377.570023723,10501796.850931449,12882546.621944511,7716807.346109199,9880246.711944323,33031924.753961615,17584372.84093183,35573953.62110497,33782416.38517455,45157967.42533752,52707803.770827726,80243272.62505576,93866450.64218132,79776724.21924762,55467553.32683657,67350441.30765955,85010077.03348191
Aspartic acid_X_HILICPos,477768701.3354629,527022728.8272331,359970528.6203826,420356549.75163656,463477362.6976513,443897050.90480596,91855055.3557613,76461736.90043634,128544959.33769724,13633989.016495649,615454533.5802953,175257990.76253334,84078078.74958155,NA,491837573.7420712,220633455.02713132,14979882.312114028,17072000.674583875,25645226.7189287,31610276.776114237,22249204.781062193,20356252.56952183,21392991.764554966,20356482.530477237,22253243.658280067,48779878.11155615,35252031.55936546,48009941.90320442,49976219.56022095,55180822.110773675,60369604.51860105,92125268.9940507,92959391.54589234,83502450.36561286,127604507.34473348,149146755.79173017,122857943.01581872
beta-Alanine_X_HILICPos,132123230.09992121,119342816.80762853,95950429.95570588,580092734.175067,523998952.3982509,661020363.6476971,258217050.76702154,198762492.50763074,512542536.3694214,83145673.66781136,1976693741.472671,200922132.79909658,73668304.37077434,NA,33758530.210247636,462000914.3509722,83315352.7413177,7263805.199061976,13560055.92931496,19404332.12183696,129224455.99250485,140102368.25817648,157802826.71450245,120810858.95626563,127546400.81289284,227743560.27991137,116899332.7245036,209821769.91002423,184192196.3823964,237740444.29381105,216319865.3492878,361923898.6271193,334836597.27504975,369469677.0430916,354756034.6216865,411287660.1121872,259539083.3923221
beta-Glutamic acid_X_HILICPos,32129094.37752011,45225801.67193758,38177403.93644205,41761049.0547365,28023885.49561956,30741019.23204967,11969382.247139532,32848303.49764325,27430577.16118047,19374554.63811006,97203243.19327138,73453712.66337544,13942752.647810997,NA,879555061.6904851,38582920.629343845,1469525.339703085,7438269.79656514,13847519.423617523,14166798.750382457,4774744.442248645,4472765.550242761,2441176.0271240096,4578909.1245212555,2580576.0359923257,7637236.121566502,9568180.184633382,20319560.834944844,19044384.446576115,20037267.64908041,23774146.41497141,11398965.164985862,25874406.17363119,12651139.398320965,17723442.699621927,19120434.692263916,27478920.422291487
Betaine_X_HILICPos,6417425509.52996,6287968718.7213745,5133434702.059816,17155633205.560555,14667545388.408772,14602791554.561806,19499787938.897243,15583838038.99287,28625267597.054752,3693531819.934013,70839336270.96848,24771998538.921947,12777517934.957132,NA,143181820589.9836,26722620509.968605,1439053200.6976469,1141258689.2435467,1649111407.0066059,2210992099.562784,2114861225.094458,1886140784.945541,2878928887.1961484,1597936473.401628,1902534848.8742816,3262190733.4398856,1649735276.084672,2995625064.2913136,4194299630.1608214,3112216397.604779,3601064452.3161645,4090905808.8536468,3500852269.676424,4220707660.3206124,4752866421.871127,5182514251.628033,3721774394.914226
Betonicine_X_HILICPos,3978899.917093417,5529960.561200444,3531802.90538891,9248003.81895678,11056867.047319153,8357998.123178358,5758031.100548079,4549551.342597864,6499514.9274337655,4896765.583589263,1508573.487893446,617692.7425138938,594215.8162418127,NA,18768306.498285715,525923.3393669946,4269295.532987223,1822482.592597832,1097038.6446584314,1246631.9600227997,5261071.893203284,3938642.482693354,5170583.076862649,641932.6482263684,3588959.2914844556,5326124.190772827,2632062.8060957994,5153712.821799651,4688940.056521626,3858400.288350507,4463953.837213927,5294775.563933376,5242624.124512589,5714838.982464252,9344146.87288326,14346812.49370305,5878134.651132076
Butyryl-L-carnitine_X_HILICPos,15430195.206922889,16514522.079947066,11248696.20358426,13575975.167796424,10170211.928676143,11241973.988803085,4939527.735183721,4181167.382403115,8113731.295477552,1660616.2248966515,124545200.23094787,23597059.513227053,21842764.91069785,NA,116514601.45123042,56199107.80394854,2989830.4335867865,2943020.447102011,4266953.880735281,4284359.910499846,2120754.35437359,2121039.4910272094,2582875.244967737,2218457.583947587,2773884.6339876247,2872425.728796812,1665228.867830057,2620513.5218954072,2605686.1855690414,1616288.1900084445,2574636.5004685572,4520553.85842985,4016015.649950907,5239791.311095063,3587324.3734921706,6005213.049902348,4498359.857310989
C14-HSL_X_RP,454199.40873520053,391673.53297819983,650257.8988766908,1720874.2292530504,2321254.633696266,1057014.2035531646,502797.55396362045,475855.38122757646,428342.72108224843,65877.22429161206,3191571.208015257,405385.1560003356,490686.935745779,NA,3580023.790268512,1898336.8168426824,144102.74200449904,345826.88590418,280118.0727977074,209033.3699687439,82529.3008825422,75050.17350141794,95931.35027706104,118595.70659555135,98506.84162165441,122780.78146597906,91707.08527651144,163861.1153630857,198012.39301810478,274319.59252469154,192416.32134400902,165488.72269259064,229294.52025227874,142159.8726612873,224028.2066201874,881950.9545662005,877463.9762588457
cAMP_X_HILICNeg,28835566.666666668,23851225.80645161,3255335,2384475.806451613,9559903.225806452,13290139.743589744,227.27272727272728,172.41379310344828,200,27.77777777777778,4209840,200,200,NA,500,1731791.935483871,50.25125628140704,137.93103448275863,90.49773755656109,98.0392156862745,235510.96774193548,658345.4545454546,33.333333333333336,41241.72335600907,39.37007874015748,191618.66666666666,786485.8181818182,245102.6315789474,522748.6363636363,1377165.1960784313,1277218.6157517899,1837239.245283019,431732.8301886793,844576.2195121952,2195328.846153846,4989179.130434783,2775205.3333333335
Carnitine_X_HILICPos,236424411.56554654,229374187.46686387,197548197.98548684,222144882.75283024,221883285.730482,272296855.2328208,88909440.0332473,64592439.62820225,132851070.6916978,34866210.53345532,1976272330.8998313,596559357.0216657,280705096.4701156,NA,1976401290.1191525,701437773.819368,19238080.36742868,32329235.1563311,42262671.35121153,49340146.46088842,40705589.471091695,36146028.297758915,44099298.98496316,26461321.159052156,32238248.550107446,67093702.76783906,31826325.80972673,64014110.08152777,65679466.49726843,59251303.277767405,68025002.6173737,99772008.11152852,93749751.95637095,110219602.36330551,137488921.9680489,167448988.6264541,106346366.04579596
Carotene_X_RP,766386.6666666667,180064.51612903227,166.66666666666669,949317.7419354839,748966.1290322581,575150,227.27272727272728,172.41379310344828,200,27.77777777777778,1358988,200,200,NA,500,716446.7741935484,50.25125628140704,137.93103448275863,90.49773755656109,98.0392156862745,32.25806451612903,30.303030303030305,33.333333333333336,45.35147392290249,39.37007874015748,44.44444444444444,36.36363636363637,52.631578947368425,45.45454545454545,45644.60784313725,46284.48687350835,59557.735849056604,75.47169811320755,99598.78048780488,96.15384615384615,86.95652173913044,66.66666666666667
cGMP_X_HILICNeg,3495396.666666667,2801779.0322580645,645081.6666666667,392319.3548387097,851254.8387096775,1270866.6666666665,227.27272727272728,172.41379310344828,200,27.77777777777778,1361752,200,200,NA,357730,326706.4516129032,50.25125628140704,96452.41379310345,63283.25791855204,68556.86274509804,44455.161290322576,92599.69696969698,23309.333333333332,31713.378684807256,27530.708661417324,31079.11111111111,25428.363636363636,36804.210526315794,84631.81818181818,91269.60784313726,88873.50835322194,72958.49056603774,72958.49056603774,58945.12195121952,92951.92307692308,266997.39130434784,162824
Chitobiose_X_HILICPos,991375,1896650,4430276.666666667,2383761.290322581,721651.6129032258,91346.15384615384,183395.45454545456,1129832.7586206896,956146,283781.94444444444,3263884,1279508,4113940,NA,500,1727706.4516129033,35747.738693467334,53988.965517241384,444264.2533936652,401548.03921568627,218410.32258064515,50431.21212121213,109102.33333333333,45298.86621315192,49223.62204724409,17396.444444444445,14233.454545454546,20601.052631578947,120344.54545454544,67485.29411764706,46177.56563245823,14113.207547169812,14113.207547169812,11402.439024390245,17980.76923076923,16260.869565217392,12466.666666666666
Choline_X_HILICPos,6981244160,5608367483.870968,5543345493.333334,4737014090.32258,4832246503.225806,5283845907.692307,1559578909.090909,1064249820.6896553,2393333504,145087271.1111111,7244750848,2989269760,1645103104,NA,8225916800,3722962580.645161,126716462.31155778,263338306.20689657,341601129.41176474,461262274.5098039,541033414.1935483,481871127.2727273,469016490.6666667,308566320.1814059,303507451.96850395,691541617.7777778,627013538.9090909,718266947.3684211,911307694.5454545,1115460392.1568627,1115992591.8854415,1405856072.4528303,1457105630.1886792,1493534439.0243902,1358029538.4615383,2078595784.3478262,1516586666.6666667
Citric Acid_X_HILICNeg,163067173.33333334,275094890.32258064,84135126.66666667,547575948.3870968,86407819.35483871,194177005.12820512,30095920.454545453,22831387.931034483,26484410,10629463.333333334,440437888,98227920,142939840,NA,607330440,101192800,17552178.89447236,64152030.344827585,42090698.642533936,45598256.8627451,15003297.419354837,14094006.666666668,15503407.333333334,21093071.20181406,18311111.023622047,20671209.777777776,16912808,24479064.210526317,84644174.54545453,13893769.607843136,33089569.45107398,15510745.660377359,103575571.32075472,16991714.634146344,14462052.884615384,13871684.347826088,125593418.66666667
Citrulline_X_HILICPos,31386876.17489091,38579555.189875335,29387080.913645737,61332333.201010644,70707891.531148,61590004.70145705,36904720.52516941,31190698.429097187,57976302.14837829,2168906.843756329,110352755.51888019,46002614.603877686,17811774.039826296,NA,91565570.02962637,38499201.83792117,941652.4618735559,9883182.220551953,6329008.58554509,10055824.060290381,6802881.86918727,5621836.734681167,9219956.470457053,4698755.350371437,3969783.33395637,11711400.338271758,8836032.33161784,12801559.81885135,16088183.732058479,17368120.014568426,19763710.188590396,24548821.88916535,28938373.876596425,24527603.53278386,25921792.65654835,30239685.693281922,25806398.87632683
Creatine_X_HILICPos,6090123.427831055,2907790.294450467,6595462.653861608,23696884.77478776,24019818.00658636,35813985.791000426,3830666.6858341503,2778023.334031782,4053116.511839041,51076966.518704034,260191588.8256455,33156876.797701467,27121002.561191697,NA,25572870.49733081,27522986.0822823,9378469.238922268,11169794.06430396,6846614.704435036,7493253.63976358,20475736.097350456,14235291.82887761,25177975.999156386,12403166.680589465,12486663.621980168,21681156.615821633,9047639.203136658,19332086.84935532,21287346.02889954,15927736.717857549,19488576.25379105,23111608.99572512,18316827.526743434,21892012.45686819,27048896.873823036,30541712.651034247,18389287.5946049
Cys-Gly_X_HILICPos,524896.6666666667,472240.32258064515,581025,1431203.2258064516,702803.2258064516,1370148.717948718,82413.63636363637,62520.68965517242,72524,3798.611111111111,54700,27350,27350,NA,68375,22056.451612903227,6871.859296482412,17736.55172413793,11637.10407239819,12606.862745098038,25249.032258064515,23598.18181818182,4286.333333333333,5831.746031746032,5062.59842519685,172997.33333333334,74053.45454545454,56435.26315789474,134406.81818181818,185477.94117647057,168414.3198090692,337200.75471698114,288157.7358490566,310531.09756097564,20882.69230769231,519313.91304347833,391916.6666666667
Cystathionine_X_HILICPos,334764.3607524073,321070.8767553926,175.9247934123823,787111.6098984145,954384.7007822258,875382.7278291611,609357.1258895483,502285.6098548532,848968.9394445819,223665.9473484957,3658433.7621984314,1224582.292934547,655629.1218901086,NA,576.55521300912,2256059.195081707,37488.58812106641,213.48428135236227,135189.91309109636,135738.03167884852,392025.03339698224,207075.25802490258,274920.06844856247,190953.3108440771,147586.44516535685,202471.6720948509,168659.03324162398,363600.2778551193,608621.4266641601,349700.22878599697,552222.0695144578,471671.1867621218,593358.2371102369,445418.9856837687,395756.9813605896,539675.2163112606,742331.7935637231
Cysteic Acid_X_HILICNeg,11004645.696596017,11013945.616113875,7684804.881021508,4927551.01702145,4353644.744426875,4252658.788618658,1617132.554655279,1312740.6706702278,1729423.462002647,589569.5168262267,156184001.65141082,55693254.754678704,20717418.990989868,NA,590220955.2899475,75134615.25479358,491411.57990442135,5556246.513774443,10743751.778783428,11997936.373849487,863588.4612645934,792279.1877951331,869716.6683709073,497011.033013813,614063.6145584215,1152336.0553869233,789215.8519729819,1171596.6421724504,1622754.9634033253,1914119.9371775868,1933960.130457443,3083140.8101853435,2692865.988036468,2711190.73655934,3297297.954087828,3576428.5517973253,3306688.5673679225
Cysteinesulfinic acid_X_HILICNeg,797976.6666666667,274704.8387096774,166.66666666666669,543785.4838709678,451701.6129032258,935991.0256410256,227.27272727272728,538000,278712,244148.3333333333,2520988,1483190,1640090,NA,330475,632456.4516129033,50.25125628140704,137.93103448275863,90.49773755656109,98.0392156862745,80754.51612903226,40297.57575757576,108005.33333333333,60498.4126984127,53398.03149606299,203607.11111111112,19020.363636363636,137326.31578947368,96839.99999999999,38436.27450980392,85663.96181384247,235824.90566037738,201743.3962264151,182207.31707317074,96.15384615384615,86.95652173913044,66.66666666666667
Cystine_X_HILICPos,342895,576161.2903225806,129976.66666666667,263953.22580645164,161.29032258064515,325283.3333333333,227.27272727272728,172.41379310344828,200,18134.444444444445,2065716,280490,518998,NA,500,1103540.322580645,50.25125628140704,137.93103448275863,90.49773755656109,98.0392156862745,32.25806451612903,30.303030303030305,33.333333333333336,45.35147392290249,39.37007874015748,44.44444444444444,36.36363636363637,52.631578947368425,45.45454545454545,49.01960784313725,47.732696897374694,75.47169811320755,75.47169811320755,60.97560975609756,96.15384615384615,86.95652173913044,66.66666666666667
Cytidine_X_HILICPos,42688942.42664125,45224873.216490425,22172465.575646825,40721191.336406186,43098930.67901886,55006859.56599466,29453199.1301946,20507001.787077557,22939873.72669691,4582718.400284713,532827342.8494378,54712772.77462203,35121009.39573909,NA,11013809.921528166,106302701.18419106,1952645.503325925,3173236.487841154,3177321.870411031,3588183.314976563,10893.559958977705,4919648.498845221,4558926.162430164,2283122.619076341,2529854.6105444343,7222495.635048331,3997316.3424847247,18981.513068674783,224729.76111118306,196368.8813152998,195052.40017666214,249926.97922066887,302772.2346880483,204643.19457819537,13525615.009030327,23743974.759274624,24755068.017446514
Cytosine_X_HILICPos,70121151.03473163,63069324.2788516,32726636.43827751,78741976.78203562,144938707.98400176,89353831.53774536,49102927.50453789,43619845.00661529,99338841.32497178,24199109.900160972,648355812.3789296,125965828.11078592,92995120.57573578,NA,107578906.43014143,263195700.0754043,13296761.354194837,44483907.440271,11866122.776468676,20337196.228925645,21356628.25006081,50784814.89045525,25993188.56229123,28490418.206968002,25613553.606430084,51734438.45939107,20922649.86627723,27996332.864623133,40552545.19440119,56873984.91819102,31683078.362638466,43864583.16258187,35401874.62374595,21489871.994574714,235688967.45672876,123206829.50468118,78534385.45075524
Deoxyadenosine_X_HILICPos,80859200,40988787.09677419,20515491.666666668,13655966.129032258,38481009.67741936,22203817.948717948,34532575,26750055.172413796,38930168,1758276.3888888888,2645816832,190311792,121548904,NA,73980620,1059449083.8709677,16457978.894472362,19300590.34482759,19431167.42081448,24034849.019607842,5081566.774193549,9989610.90909091,6434215.333333333,3080159.1836734693,2923618.1102362205,4286938.222222222,4804652,4015263.6842105263,5032300,10437349.019607844,9360013.36515513,7059291.320754717,4045454.3396226414,5226262.8048780495,19783165.384615384,20630229.565217394,13610697.333333334
Desthiobiotin_X_RP,133481.6666666667,155198.38709677418,111900,141708.06451612903,100670.96774193548,123810.2564102564,11279.545454545454,8556.896551724138,9926,3941.9444444444443,394248,105898,28382,NA,70955,152756.4516129032,7131.155778894472,35728.275862068964,23441.62895927602,25395.098039215685,8355.806451612903,7849.39393939394,8634.333333333334,11747.392290249432,10198.031496062991,11512.444444444445,9419.272727272728,13633.157894736843,2558.6363636363635,2759.3137254901962,2686.8735083532215,31308.67924528302,31793.962264150945,25730.487804878052,6566.346153846153,5938.260869565218,4552.666666666667
DHAP_X_HILICNeg,3902968.3333333335,3827587.0967741935,575156.6666666667,5553890.322580645,3171070.9677419355,5862412.82051282,489968.1818181818,383936.20689655177,503602,25722.777777777777,698948,288634,363264,NA,327640,613004.8387096775,50.25125628140704,49896.551724137935,32737.556561085974,35465.686274509804,334313.5483870968,95060.30303030304,38056.333333333336,52012.69841269841,14242.125984251968,192508.88888888888,183527.63636363635,496691.5789473684,438861.3636363636,396925.49019607843,516132.69689737464,602257.358490566,1017700.3773584906,930734.756097561,293875,932713.043478261,1149007.3333333333
DHPS_X_HILICNeg,4278064068.028731,3814531833.040715,2933097794.337911,5288439116.333369,4658178202.600147,7306840656.3152485,1315428998.7524273,1026311190.4433826,3125377110.6461935,161412404.4029191,10305067388.605352,3827511285.08465,1068341046.6094697,NA,5917954517.989638,4172817365.4009056,76462031.48093504,156908361.98890975,355677838.4739777,374506498.2729928,274071444.75058925,226375738.21225142,253198570.3885468,140337320.29222634,257041601.2799757,1085033540.9423747,448721718.5196613,906702308.152848,983924004.4145683,1092784297.8287385,1142506959.5988584,2114327367.4110625,1696597082.6594565,2288847492.539312,2185309799.64428,2227563413.2354517,1872208219.1009836
Dimethylsulfonioacetate (DMS-Ac)_X_HILICPos,70828826.66666667,60933000,59198860,223936051.61290324,133863470.96774194,174771056.41025642,296082781.8181818,243247696.55172417,334523296,94717093.33333333,1372372992,1814478336,446408960,NA,20767873280,674471896.7741935,11269368.844221106,117875177.93103449,194144651.5837104,210462666.66666666,31237040,23806041.212121215,39671325.333333336,19168310.204081632,29065600,25614636.444444444,16382459.636363637,29602387.368421055,27663779.999999996,17969090.19607843,22608715.99045346,33612721.50943396,26902215.849056605,28985348.780487806,29392500,26603947.826086957,26828464
DMSP_X_HILICPos,246843238.0961539,213569533.58310848,405749802.0370423,3623748631.744219,4063453764.298665,1928606742.9492345,15151009696.488821,15364090878.723885,15476948295.263163,2775511807.5212517,5805366078.467372,2910847111.6036015,2395308994.5833774,NA,23995175228.888367,10471730625.494787,633235288.9718603,1015326671.4432441,1710826438.093904,1657671131.3549159,85731463.88933681,123863771.67435463,403351423.95385456,398515104.0928212,582384893.2885224,516353355.6432976,363039442.8563511,1281968932.3914118,710806287.0622253,463091297.8593606,445814219.2815275,1269675329.4250042,2112270786.1535044,1190562072.115276,937644157.566074,265744682.54360506,1130016261.423621
Ectoine_X_HILICPos,15015790,20625117.741935484,6371466.666666667,63206625.80645161,49642938.70967742,44681723.07692307,92650600,54695000.00000001,106772176,27080173.333333332,289954432,167934288,84117312,NA,228757400,220997780.6451613,19002804.020100504,16269146.206896553,20589549.321266968,31504498.039215684,15178064.516129032,12100705.454545455,53839338.666666664,13023640.81632653,14175752.75590551,14338032,9517813.090909092,18310602.10526316,20116696.363636363,15718437.25490196,18904572.79236277,23338413.58490566,22426138.86792453,18848569.51219512,27420875,30806160.000000004,27931005.333333332
Ethyl Dihydroxybenzoate_X_HILICNeg,737456.6666666667,713667.7419354839,737456.6666666667,1211958.064516129,1000419.3548387097,851908.9743589744,665184.0909090909,504622.4137931035,585362,56894.444444444445,819280,747762,1151678,NA,9693520,671250,102924.6231155779,331404.1379310345,217437.1040723982,235556.86274509804,77505.8064516129,72808.48484848485,166144,108965.07936507936,234734.64566929135,106785.77777777778,87370.18181818182,126456.84210526316,468734.0909090909,505497.54901960783,492226.7303102625,361404.5283018868,361404.5283018868,291988.4146341464,460443.2692307692,416400.8695652174,319240.6666666667
FAD_X_HILICNeg,974458.3333333334,911122.5806451613,450283.3333333334,837425.806451613,488890.32258064515,922385.8974358974,125800,105960.34482758622,200,27.77777777777778,301544,200,200,NA,500,212262.90322580645,50.25125628140704,137.93103448275863,90.49773755656109,98.0392156862745,32.25806451612903,30.303030303030305,33.333333333333336,45.35147392290249,39.37007874015748,70644.88888888889,88069.09090909091,131760.52631578947,153360.9090909091,214716.17647058822,174666.8257756563,276501.88679245283,234409.81132075473,236860.36585365856,208362.5,210075.65217391305,366352
Fructose 6 phosphate_X_HILICNeg,100479000,88578116.12903225,11488235,51667148.38709678,43253090.32258064,94608379.48717949,11105529.545454545,12066100,19465880,1459923.611111111,47182852,12558170,6708530,NA,35051275,14831709.677419355,970422.6130653266,453871.7241379311,1399647.963800905,1462100.9803921569,5914392.903225807,5094121.818181818,4399435.666666667,2425609.523809524,2796442.125984252,6406831.111111111,4567424.7272727275,8271774.736842106,7987629.999999999,10892223.529411765,12607135.083532218,13560815.094339622,11489140.37735849,14337410.975609757,7197761.538461538,18922766.956521742,16049518.666666666
Gluconic Acid_X_HILICNeg,328772951.4327348,242446558.36775893,216829416.41987354,226561607.00309652,152021360.22390532,361361717.7621249,21741050.40276869,22975036.847124107,32917209.002863836,4916498.620308823,952140325.5940526,198268268.88413045,212399138.37872198,NA,345489142.78790873,153873760.97838718,4849944.203658555,10177266.824924402,18318236.121651195,16153317.567351392,12965759.009314667,12428835.10628199,11530312.834124817,9819949.032412909,12869444.162960056,19009948.25507124,11152022.284302568,18274697.957457975,18405479.44825482,26441709.13562521,27918812.062957082,32355417.462324776,31890496.229204558,43047318.15574804,30444556.246097572,47533503.54513217,51751212.11780455
Glucose 1 phosphate_X_HILICNeg,102052640,88029445.16129032,11488235,50819767.741935484,43253090.32258064,94239384.61538461,11523354.545454545,11671344.827586208,19264036,1515755.5555555555,48731552,12813322,6858370,NA,33980320,15237651.612903226,997643.216080402,453899.3103448276,1377866.9683257919,1462190.1960784313,6089925.161290322,5236850.303030304,4399435.666666667,2552997.2789115645,2731851.968503937,6045840,4743310.545454546,8271774.736842106,7987629.999999999,10797752.94117647,12163193.317422433,13478135.849056603,11364644.528301887,14160760.975609757,7501453.846153846,18570215.652173914,16365001.333333334
Glucose 6 phosphate_X_HILICNeg,144144285.0296878,81276844.4554849,19344820.678942505,89325032.07613854,855102.3953214894,214397711.7455051,17140925.75592791,17780187.097517796,23730291.402037226,2339878.6374675985,64421356.99304915,14370242.575929789,8366779.870919067,NA,71963391.51557994,21822882.12370378,995896.7859656649,813919.0442617063,2323364.4221201423,1665911.9587905256,5740616.420721826,22562.142216747267,6251125.598604441,2985418.270300809,4438764.971954467,12655478.694982545,7233703.062704497,13854026.14103765,395024.269238161,17792816.02208248,16536650.640671523,24188229.20000327,27135484.2326837,32877.651556401215,14278833.723858897,36420.81032444448,29638392.691234026
Glucosylglycerol_X_HILICPos,339073333.3333334,212010658.06451613,233410986.6666667,489427767.7419355,571519070.967742,313298153.84615386,73051990.9090909,64559324.13793104,89698648,5219839.444444444,222056720,87094152,74719512,NA,311640460,116406103.22580646,2543525.1256281408,3281437.2413793104,9874076.018099548,9324209.80392157,27966193.548387095,20896380.606060605,21141081.333333332,8998728.344671201,11477983.46456693,29722849.777777776,39127517.09090909,39485275.78947368,64562421.81818181,46211219.60784314,80786382.8162291,112501953.20754717,80958563.01886792,114402682.92682928,129445507.69230768,200863053.9130435,255418880
Glutamic acid_X_HILICPos,1628749022.7992816,1132658219.4490273,955374477.5495034,3104284346.349541,2998208834.582323,4032197144.8766537,1728124947.4164333,1610421444.4848726,2077016323.2102733,178206569.5305366,2809729783.62837,946442461.4173099,656087433.0725781,NA,2971604280.283382,1026484292.6516979,83076232.03030844,77764218.95689848,153830463.77988386,159133300.8621607,278633332.38598883,202225045.92050457,361347614.0251975,206142076.63608566,251432056.9391721,809683893.24960494,382252088.45698905,735720828.0748639,687662674.3535004,820499573.4638358,959697778.6943649,1623690130.057736,1588170594.5640202,1616132872.8165524,1168131353.0439844,1124135768.3482888,1448588450.67539
Glutamine_X_HILICPos,7544188955.157571,5842454920.523856,6412221695.819708,10451317978.134254,8828906329.754105,11530759722.515644,7023146416.449526,6672404907.1256485,9863967312.720625,103751051.86133096,3094315331.563701,900536736.4295409,619018567.3732468,NA,2867173916.264902,1088191855.9350197,39765875.27565315,87180927.0813315,169007927.37887377,154132511.47794056,486757606.9703204,414863368.64676887,550529288.6743677,218484036.4782174,295694450.9640164,851962536.973242,478667373.5815905,914320454.1737853,725426766.9521263,961663045.5947858,1023270843.8329345,1664122289.313136,1970820006.8327484,1655024815.6351483,1249090154.6220288,1433476258.4528909,1817022300.4642506
Glutathione Disulfide_X_HILICPos,5581143.399092299,4608421.76141311,1077945.896701093,9331625.978145584,6571900.430770588,15341290.303783918,1098000.8858413405,1294202.8967281843,2383389.273915339,406012.28662520193,6979151.1484640995,1502314.3023566199,1026834.1791630387,NA,6597370.916612882,2781655.3322731345,36506.47678326452,129.03906186273989,97949.91862451575,69382.93643610636,415265.5247262381,275277.31197136105,496810.207146204,148288.68105283662,247716.62238936566,1124900.529893923,499482.0034963868,1186031.682547649,969067.9455368157,1166773.6828621193,1480341.9373513535,3090925.7694920036,2476547.926938023,2925776.4230856933,1205287.589107475,1529576.8988917272,2153841.5365928584
Glutathione_X_RP,68723.33333333334,180658.06451612903,166.66666666666669,87662.90322580645,161.29032258064515,98346.15384615384,227.27272727272728,172.41379310344828,200,1938.611111111111,27916,13958,13958,NA,34895,11256.451612903225,3507.035175879397,137.93103448275863,90.49773755656109,98.0392156862745,32.25806451612903,30.303030303030305,33.333333333333336,45.35147392290249,39.37007874015748,44.44444444444444,36.36363636363637,52.631578947368425,19468.63636363636,23611.27450980392,25174.224343675414,41478.49056603774,44622.64150943396,31337.80487804878,5158.653846153846,4665.217391304348,3576.6666666666665
glycerol 3 phosphate_X_HILICNeg,32559687.3278523,17059479.569125284,958674.9666775195,80974459.76669839,118279416.91697703,160692997.08041897,112842727.844497,106674438.75582388,158066552.92728043,4512378.594415684,83625338.86963148,41411752.34031948,27235747.751296155,NA,124555745.78367296,52481323.71242373,3067061.332131854,3526339.4804757778,4701079.810756997,4054708.735721328,24737643.669864774,30831199.354902323,23906826.26814173,13835281.95930814,9631177.675482705,40272137.64930403,43118848.444447786,41894959.7568409,537571.8888971222,109749673.78739437,65993626.89818472,134756840.60783356,1433299.626699929,84172038.87394692,1612199.8920085174,105899652.8552383,111227694.23231234
Glycerophosphocholine_X_HILICPos,8314612906.666667,6700156696.774194,6596747946.666667,10700569600,10236206245.161291,9752206441.02564,2112178036.3636363,2047555531.034483,3078980864,656018204.4444444,3571508480,994267520,954654400,NA,6391738240,1420627303.2258065,83814761.80904523,22204550.34482759,76329353.84615384,81101168.62745097,868112350.967742,589544921.2121212,823626666.6666666,497641766.89342403,464094639.37007874,1546883185.7777777,1145384122.1818182,1562032101.0526316,2344438923.6363635,2111371043.137255,2501372211.933174,3071874608.301887,2973964172.075472,3642065795.1219516,2997548061.538461,3631868438.26087,4234192213.3333335
Glycine_X_HILICPos,11867500.531081675,7576629.715413519,7724578.243002565,20505565.74329435,18151015.158609584,29047975.979604576,13382492.079780556,16442944.94613557,14715049.428509098,1547440.8289401296,31907433.15712577,9046462.317091739,6733140.807140314,NA,11079959.0393577,11754510.753239876,324110.49059746636,5026172.110021971,2594791.498130647,2266320.7400410604,1170857.4843839926,1266027.5701407983,1430354.0179338942,1422892.016667662,1621846.7671553434,2405772.2751401556,1584833.7944395787,2423376.955682408,2384440.4775065933,3180008.3003809764,3374257.513718615,4526524.043252757,4301679.572243452,4643103.349820146,5090624.645829685,5895467.310832964,5202313.724656449
GMP_X_HILICNeg,4770160,3893646.7741935486,166.66666666666669,9345938.709677419,9601501.612903226,8518633.333333334,1916743.1818181819,2157265.5172413792,2977984,307734.44444444444,111339768,10198976,11519052,NA,7292610,8827435.483870968,40042.211055276384,312751.7241379311,265173.7556561086,494599.01960784313,686085.1612903225,534009.3939393939,543720,442873.4693877551,176385.03937007874,998682.2222222222,753948,1170175.7894736843,1216288.1818181816,1199582.843137255,1593720.7637231501,1846831.6981132077,1909142.641509434,1724637.8048780488,1079951.923076923,1639489.5652173914,1883496
Gonyol_X_HILICPos,114553213.33333334,93729077.41935484,83537966.66666667,128120967.74193549,152607083.87096775,132737856.4102564,45520559.09090909,46705317.24137931,64052200,29697364.444444444,1612564096,1691963648,747440576,NA,1497516640,1024724645.1612903,5900877.386934673,61838957.24137931,76976463.34841628,128554572.5490196,37701308.38709677,43763292.121212125,55770778.666666664,35051718.820861675,26108770.078740157,44514581.333333336,32832011.636363637,35791852.63157895,34707581.81818181,35534784.31372549,45128534.60620525,59651707.16981132,29963821.886792455,54579785.36585366,58278780.76923077,67022413.913043484,52216917.333333336
Guanine_X_HILICPos,106804479.20170352,137524326.03891733,92863880.20530002,194546657.25000498,265387343.94834426,188078310.1393334,156874581.0926807,113991142.37166715,186568950.93548888,54924893.95992832,2446023367.8924503,2681308414.487249,806236562.1208705,NA,4095344669.9356,717101429.7700608,11770381.206075236,122175635.970234,88886095.14582734,100178123.60237874,94175734.40309425,98320231.8280322,108312650.12871702,128365542.84882167,115618801.73340097,170978070.83574092,97296051.1789124,128857651.4292965,104700568.21673699,76930604.92936403,114376806.26963592,110176869.08515307,88749837.05496512,113923583.5676226,145218101.08628607,183078224.64317727,123673518.816822
Guanosine_X_HILICPos,76616871.12718387,107243461.69508065,36400480.86082058,19900019.85114356,41452917.88412719,39277939.1059805,40934600.84740644,29362960.44855267,46249930.39226106,5147846.37601131,1640773049.5263338,152326605.98629513,134005134.6432877,NA,14400682.097919304,314302231.2925852,7017625.072724554,3041723.747145147,3397266.272292331,3644144.1431547864,4588271.961974442,5362286.888421905,3620366.6701813354,2158509.441857881,1893920.5811200172,5497008.409763831,4689176.142446652,5729755.122316775,7397303.946689207,10665813.469765464,10844169.196157075,10364124.040367223,7128588.318734277,13200989.48871666,22852102.154067837,37336003.21096819,15677403.399684817
Histidine_X_HILICPos,320072369.6332767,298223849.71380734,308643152.9389046,413005508.21193,382928327.9079314,454422255.903366,129292857.98075643,128517575.11321124,160073599.13144132,18470569.544711668,1226678324.308931,301598636.40155095,200195122.80826193,NA,216205908.15213415,496198531.03574675,8536631.393640233,54991869.91502342,19420708.689548157,20125152.14625299,32463288.635405824,32467713.631522443,39067325.17957783,20956161.407397278,30758059.325186484,38323039.02599214,26730078.118125986,40780738.25333114,41225801.46056097,51010109.67711062,54980732.219907396,71452486.2681794,69783085.67277277,67468406.69060993,50506192.52891377,72385146.98911275,66082474.416015215
Homarine_X_HILICPos,3751270031.7579293,3682378273.1614175,2821031892.4754214,12585105190.92844,10744534596.732391,10600732804.740614,11628626805.814653,9503171384.843515,16333818796.05874,1953828799.0662665,17192333710.85021,6822546215.098854,3696514839.773517,NA,1358867075.1641047,4488807963.259829,620091515.5057352,320388624.4805434,575246882.555096,580074349.0800135,1423802135.3702767,1303991740.3301704,1340436652.8263626,1009169874.8071929,1310392867.449764,2417542388.94735,1298609505.71941,2076397993.9025304,2470489442.4298224,2228107543.4310117,2365706398.5941677,3435776631.2425923,2943693248.6557236,3478213253.0665617,3650171017.2939267,3941650341.9789004,2986507572.0385
Homoserine_X_HILICPos,234063308.5774926,208385884.80316055,189435995.77010632,876309964.7206458,695005923.3001727,528928707.6184965,489734520.09366506,407715055.68524164,531569161.1905499,20873040.804006297,39755393.92592795,21964745.68709141,21329340.68321336,NA,45319706.878138684,29515694.484550625,9480268.101045273,26485046.287406895,13649322.528325642,15433476.911982307,69999942.9404385,48215723.93925043,66782326.21329135,41333294.799595036,35307591.88767468,92906939.41507705,67087080.22362296,115448274.13765906,146474037.92202908,131636113.81455973,174077472.2512076,214553144.75476927,296768047.2634912,206000152.09024128,211222593.12143373,215897672.38202345,267179728.50902358
Hydroxo B12_X_RP,2014763.3333333335,1831400,1530800,2003396.7741935484,1308661.2903225806,1649528.205128205,1188411.3636363635,967093.103448276,1306532,16925,400,200,200,NA,500,130141.93548387097,24606.03015075377,5633.103448275862,3695.927601809955,4003.921568627451,1317.4193548387098,1237.5757575757577,1361.3333333333333,1852.1541950113378,1607.8740157480315,1815.111111111111,1485.090909090909,2149.4736842105262,2384.090909090909,2571.078431372549,2503.579952267303,7284.528301886793,7284.528301886793,5885.365853658537,9280.76923076923,8393.04347826087,6434.666666666667
Hypotaurine_X_HILICPos,2199777.7238584715,2732899.3910594834,2599837.833416521,8673109.98850201,7097610.812927015,3283133.833981607,14872220.504090868,13230830.400305921,12543589.916736655,1436033.6382106524,32271355.657155998,12144962.410002165,6953169.454787737,NA,1594270.004825264,22598658.609440222,4400828.967112299,333917.2598511829,873487.2077851671,1021480.6044781252,1644310.7131577614,1051908.9348984428,1834121.1379361285,1383711.3729717513,1535777.8423805546,1430840.674295756,797429.9743283868,1314218.9027434683,1798664.9959822313,1061516.0705069383,1651472.2376561847,2702074.272959556,3014693.6790585634,2496288.448669614,5535852.192951222,3872724.876566588,5170369.506561017
Hypoxanthine_X_HILICPos,1285209706.6666667,770131819.3548387,531315520,296329832.2580645,570935225.8064516,595200615.3846154,248882145.45454547,149169958.62068966,278831488,15673842.222222222,4355311104,965837824,473849856,NA,170007340,1087891819.3548386,16854151.75879397,34726496.551724136,95601180.09049773,74709113.7254902,98685852.90322581,96042472.72727273,67346624,23564081.63265306,29421710.23622047,46266083.55555555,55474245.81818182,53099246.315789476,64346952.72727272,109750713.7254902,119594753.22195703,145024772.8301887,68721515.47169812,146880078.0487805,124047215.38461538,493797620.86956525,263284501.33333334
IAA_X_RP,717470.2770102415,307271.7633049219,497316.1488061734,1502456.1390129775,862653.3258982922,1559573.8441590383,117345.8979763446,123810.49580694835,114780.6019718603,7752.382444681561,6776164.285661931,811420.9690502528,1751858.2944719708,NA,299223.3700190324,419619.784111106,31829.991698663285,143848.90072682573,113235.06008042837,102064.66288999045,71119.89377457579,66412.67455222334,57697.98533397898,44725.92133640057,30688.41843296831,40276.93077384856,33732.87622629601,61341.26916643094,97856.72360983893,82287.98616367657,79075.94676108018,156845.11405951815,97610.51196176527,29723.20577543095,261528.13252283778,458128.73769204906,322643.1695671947
Indole 3 acetamide_X_RP,225046.72435651676,94305.03946481313,188602.45112378016,363014.8914977742,230875.9203711506,491031.06223972683,256.7317913614379,155.2186317722765,216.78138318408162,1018.6487446848719,1293690.0374741997,230509.69270201982,465638.95129632734,NA,27034.502313380097,2850291.029117181,2464.3071673220934,20655.493856551388,8768.155205409474,8249.697843766942,15021.572163587132,17635.74884082208,23523.99875663679,4648.544889300012,5874.549059666713,42395.16704300102,3528.2187329169506,24333.437140941867,24207.578339898962,41176.583309997804,19159.233897574864,15988.009584661788,38474.458577120444,55419.6442649308,56055.68197591776,156961.51513993507,105972.499907355
Indole 3 methyl acetate_X_RP,107105,109167.74193548388,20841.666666666668,259703.2258064516,131569.35483870967,10901.28205128205,10529.545454545454,7987.931034482759,9266,1315.2777777777778,705788,317158,216614,NA,23675,297738.70967741933,2379.396984924623,23111.724137931036,15163.800904977375,16427.450980392157,5405.1612903225805,5077.575757575758,5585.333333333333,7599.092970521542,6596.850393700787,7447.111111111111,6093.090909090909,8818.947368421053,24214.545454545452,26113.725490196077,25428.16229116945,6890.566037735849,6890.566037735849,5567.073170731707,8778.846153846154,66792.17391304349,27344.666666666668
Inosine_X_HILICNeg,73151180,48999877.41935484,23112476.666666668,23592940.322580647,59683419.35483871,86208215.38461538,43283054.54545455,28094491.379310347,64823352,1849770.8333333333,192875328,22436322,8042822,NA,2904445,81300606.4516129,2537647.7386934673,595699.3103448276,1467779.185520362,1185480.3921568627,10187432.903225806,8977056.96969697,8893321.333333334,2189212.698412698,5023620.866141732,12036786.666666666,14722240,13356682.105263159,22171187.27272727,32742366.666666668,35577252.50596658,41771227.16981132,21980618.86792453,47397907.317073174,54682342.307692304,80484730.43478261,69999696
Isethionic Acid_X_HILICNeg,5813370556.150845,5624985322.561051,4307051897.903542,7229340193.3832865,4854447706.7703905,4641745782.033846,2863684231.8519645,2818573306.2614946,3241408318.1053867,553356345.3594214,5701399185.579808,2778329574.135073,1911579308.4191587,NA,50848573.107667305,2636518557.3856688,402020605.210134,15954617.61526365,41562967.70048859,46131138.9888706,532450045.7441057,471111803.52588737,546709931.8813329,401808565.3973012,503920194.19288653,570583291.4832854,435434190.31151545,573653736.6472207,562993769.7852507,573899335.254947,541748930.6919374,805531054.6032087,766402399.5042537,801907187.0672817,814895421.378245,813220375.791532,869393153.8669934
Isobutyryl-L-carnitine_X_RP,14213484.27709497,10755294.44759657,10882033.66968408,9729508.500718538,9328017.023905331,8992100.048161428,3050836.300192857,2486316.878709409,4214442.534854067,969495.1278098072,62250763.939202935,12768399.93937058,17471109.99969998,NA,79101190.51378661,33773218.82777958,2900779.7551043867,2499993.2028680104,2896778.634772294,2324180.168397635,1293004.0624204644,2051045.6612819831,2738017.809894063,1683555.7128941806,2999292.8782680295,2354761.736912823,1155284.4830319835,1838314.7061122453,1416959.1985625918,2221302.5057177665,1783333.939668778,4101427.1089766775,3035448.07354277,4200128.897643863,4017342.454881766,4186136.7169125057,3786683.734327
Ketoglutaric Acid_X_HILICNeg,20989534.609706268,53942479.238449104,18391020.839762524,21819920.431284707,13421838.380887605,21321059.19585832,10385661.54847504,8363022.86005464,13411895.413007397,3465274.0129622174,104971521.65037695,22133848.955873936,12598267.728405342,NA,12477809.939307323,43549913.5850123,1535602.3840131133,2186691.4870893867,2209619.9534834875,2279434.1830519726,6654724.376187142,6732668.872537764,9446319.443980502,4355558.636821807,6268615.212283517,9881756.930689804,10549826.537002971,18976434.047514904,12177131.932136627,15110414.578023506,17919626.046767816,32529409.611419085,30587664.522146042,26443927.08758215,17924384.14115887,10741880.14210767,23190663.653671864
Kynurenine_X_RP,1271413.0049521062,762735.1392590214,1168916.3923210574,1283886.318241253,1784900.882724226,1989031.3590920193,995572.5117667792,601917.675590758,840650.0224080546,143302.9137924875,11694976.773544032,918379.7435079598,1184996.6479314282,NA,3803198.0843755985,1771253.5832653146,346677.30108106567,921010.6035867006,390964.4559534311,367846.8906753245,127745.97821667661,217474.822677472,239540.87478584037,207274.5955157175,261941.06095058328,339347.7041040694,157320.2213104713,247632.00220556516,153705.08110615014,280362.4129866875,183035.78030933233,424383.17220599955,325644.37179491745,349432.3996561164,564727.3971807425,450752.22409960814,300335.45456403383
L-Pyroglutamic acid_X_HILICNeg,503197089.5250314,200758805.8524607,207289582.01662374,213270913.37143213,241842171.8402939,354339968.3647395,147365974.63972774,53117881.45731461,215616723.74236572,27387625.04832528,1188425336.1046755,176318580.3449564,129284779.22454089,NA,224740913.5473067,820433100.946805,10452330.254136391,29660839.91913009,37658378.50915771,48820723.014224395,137522643.55265722,88481655.27142285,82077368.43224171,26998543.174735125,32776967.690091457,56210018.38167786,41373299.79031429,53877177.19739626,72767153.97536567,90206893.38486998,87592758.44649975,143640561.15443558,71901675.77966939,152702418.89968574,105027206.2757109,196004169.25887582,154865028.6666054
Leucine_X_HILICPos,66085877.49718777,76000678.46159118,94262576.00108837,1157392698.207759,1107520913.2335079,1276791618.8104005,140413342.8884352,123849697.3470994,123057227.93046372,34226911.28309838,4242965737.558952,221274382.27444756,228525687.69861192,NA,687594359.513345,1324686344.9251308,63554590.482529335,86912240.8171579,59883606.30431062,48195153.64290564,17303599.351377707,18471180.97835576,17768100.838353056,24370946.22073237,21391507.440603994,27189974.739493873,20782414.3834637,34001707.93568492,27929799.792747464,33277061.008300055,32196806.295607004,242272591.6058241,67868284.91957599,231067575.94223407,562057553.7394861,74696531.08699088,502719478.89485
Lysine_X_HILICPos,158122653.33333334,329372774.1935484,233425386.6666667,389581212.9032258,151593109.67741936,282681230.7692308,41281986.36363637,82940793.10344829,61562928,6921630,228558544,40013064,61329652,NA,9879455,77764625.80645162,992910.0502512563,4333813.793103448,2843452.488687783,3080406.862745098,17107571.612903226,5709032.7272727275,7269214,1424950.1133786847,1237013.779527559,6940784.888888889,5386479.636363637,19006113.684210528,23308476.363636363,10025215.68627451,33207725.059665866,15620916.226415094,32584624.90566038,17256417.073170733,1816792.3076923077,17404732.173913043,35540192
Methionine Sulfoxide_X_HILICPos,296065963.575465,181396674.6083904,251598469.00113982,362274409.5520241,202395808.78245533,478283938.4689657,51187356.33615576,48907024.938979395,61518089.60579725,1533954.0119883462,176700655.4398432,35538309.47229085,24748403.24461115,NA,53952637.59463094,37854924.332240894,3783099.9359682654,2008526.7124974616,2816671.277547821,2498453.9488133453,8209038.572090415,6268177.241144534,5025336.183306557,2098519.291699956,4241016.069341541,6453490.289829893,4718008.843989833,8237246.9036998525,7556494.73583987,10157560.252375614,8369446.32110262,12239091.412806837,14064886.23476073,17446950.60486537,14816899.575083291,25515541.596677713,33178968.745833635
Methionine_X_HILICPos,423846186.2228082,367809259.48766315,272970531.8687834,373145626.30635154,394036057.0201689,509369543.66451097,167921892.69551873,134491843.83455074,246133561.66660443,10472806.64426887,946333063.7059699,117188929.78618057,60150605.198397756,NA,58922733.40433415,393053610.69016916,5158566.208739424,1718545.4409886573,7597348.998615953,5214929.157522588,14971054.055516236,18788613.083265744,21347611.15894718,4659584.125392519,6326861.895528052,23573817.71732568,12675267.966453718,17182263.490863442,9562088.889343312,19119026.700016975,24783322.524453986,31231235.853755098,16061979.845445294,32921453.588854726,14249935.956626847,30600670.055299282,16365566.95714583
Methylmalonyl carnitine_X_HILICPos,6142396.666666667,2322253.2258064514,4114156.666666667,4714120.9677419355,3359079.0322580645,4492352.564102564,227.27272727272728,172.41379310344828,200,29197.777777777777,1334036,409300,640246,NA,1361610,169535.48387096776,52820.10050251256,632910.3448275862,415257.9185520362,449862.7450980392,148019.35483870967,139048.48484848486,152953.33333333334,208099.77324263038,180653.5433070866,203937.77777777778,166858.18181818182,241505.26315789475,100478.63636363635,274585.29411764705,254944.15274463006,376429.43396226416,379855.09433962265,505331.7073170732,346843.2692307692,899177.3913043479,1366472
Methylthioadenosine_X_RP,25391632.21436508,11887149.234408565,16024499.504786506,10543927.939434383,16217346.332204985,38107.84399193885,5800939.547302839,3252581.593806971,6713179.651566879,418475.8823736809,5837988.8697498115,5493889.5694440575,3098690.678205219,NA,7866273.8114087405,9960808.406455748,137565.58864882585,177236.73947100388,247660.6292314726,178363.77642306007,463016.88544592453,949115.8591093034,1112546.8967818967,335129.97684624325,628941.0548922592,2311091.890719096,746023.4949017727,1273902.8943940704,1262954.4788218455,2144012.8697551186,1438939.6993555613,5450662.088766583,2672316.3538110913,2354641.254301826,2110650.330237862,3842941.0956760775,3123019.829011719
Muramic Acid_X_HILICPos,166.66666666666669,123729.03225806452,202063.33333333334,1225575.8064516129,889972.5806451613,1112371.7948717948,22345.454545454544,16951.724137931036,19664,15223.611111111111,1758160,109610,290088,NA,274025,582166.1290322581,27540.201005025127,498026.20689655177,326759.27601809957,353989.2156862745,116473.87096774194,109414.8484848485,120356.33333333333,163750.1133786848,142153.1496062992,160475.11111111112,131297.81818181818,190036.31578947368,109962.72727272726,118587.25490196078,115473.98568019092,67846.03773584907,67846.03773584907,54814.634146341465,86438.46153846153,78170.4347826087,59930.666666666664
N-Acetyl-Serine_X_HILICPos,447621.6666666667,941533.8709677419,791741.6666666667,455851.6129032258,242417.74193548388,527917.9487179487,84022.72727272728,63741.37931034483,73940,12158.611111111111,388884,290520,87542,NA,218855,469564.51612903224,21995.477386934672,133470.3448275862,87571.0407239819,94868.62745098039,31214.838709677417,29323.030303030304,32255.333333333332,43884.80725623583,38096.850393700784,78176.88888888889,130386.54545454546,165557.8947368421,307312.2727272727,86297.54901960785,152602.38663484485,112345.6603773585,112345.6603773585,90767.07317073172,143132.6923076923,129441.7391304348,99238.66666666667
N-Acetylglucosamine_X_HILICPos,3539242.311689611,2445769.683953818,1545253.223596769,3783883.733065766,5544291.628429007,6460306.702459085,1050222.6022601463,927493.595732489,752677.5261284122,1556329.403180972,26250330.521449313,1843736.1965568,913939.0465138913,NA,6950552.141784616,9012582.404195743,647564.0669490828,221124.59720698328,310242.4625810552,413412.79678886983,1691988.9778518751,1974045.3097649287,1842707.6910179711,892424.5757729636,1007651.4954502687,1444802.3468273538,1400928.6781132005,1546038.2416599516,1009837.6959141006,2195003.647399003,2396468.7735494254,2122788.188305703,1395800.4796184446,2552311.012925538,1622706.4671004612,2453594.541847276,2275003.971273508
N-acetyltaurine_X_HILICNeg,1111329.3122479143,781789.5795242599,530709.3992641389,8272381.640111174,6921169.922573133,7808552.662701521,4516672.993790283,3682454.837275951,6829484.52501493,975253.5213147703,16173632.228472482,10958092.788957477,2994707.3834213614,NA,519.233898475897,4547880.631119134,340771.7459104334,44022.62523766353,28199.825206424757,31323.29222822082,1232941.9187863288,1357062.7049635712,1574270.8131312814,854765.8653096828,1306667.0072482333,2739375.603475177,1280404.843969403,1874670.6904047006,2018635.302345789,2460399.6313195354,2002751.7894279726,3737167.67566924,2779102.6638453277,3370054.8850558563,3505592.6319263834,3916031.392014322,3034630.760300921
N(e)-Acetyl-Lysine_X_HILICPos,244776.8743822796,6455107.452700682,6058485.629372599,8946875.605881305,5575059.452548765,6639855.683907852,17670326.66482418,14975811.522386763,15449259.536697417,297698.2490442123,5042678.420291828,2109711.943008205,1805303.8051576817,NA,5591817.794523367,9366009.284352494,490272.81084890844,1534963.46863125,1818968.3891466681,1551513.38771379,362976.1958672304,435486.8713481578,503761.77856093313,443649.18650343036,532528.4039982825,769766.27612314,521959.5596892387,754353.9978604647,981410.1648313327,1272178.6565617374,1197153.2525777787,1664968.7486801117,1483772.7038262559,1341226.4027899061,1810136.8893876525,1500684.9815986936,1449164.3708552134
"NAD_X_HILICNeg",166.66666666666669,161.29032258064515,166.66666666666669,161.29032258064515,161.29032258064515,128.2051282051282,166902.27272727274,296612.0689655173,252168,104978.05555555555,400,200,200,NA,500,161.29032258064515,50.25125628140704,137.93103448275863,90.49773755656109,98.0392156862745,32.25806451612903,30.303030303030305,33.333333333333336,45.35147392290249,39.37007874015748,44.44444444444444,36.36363636363637,52.631578947368425,19016.363636363636,20507.843137254902,19969.451073985678,75.47169811320755,75.47169811320755,60.97560975609756,96.15384615384615,86.95652173913044,66.66666666666667
Ophthalmic Acid_X_HILICPos,647867.6179160121,814352.4011497229,581172.8327816072,1177362.827810014,1117295.306043054,1239050.5120531735,739269.0827948843,705402.1789319877,961040.270161779,147256.70672022292,5391175.4390568985,688581.7616639705,779405.212992979,NA,8049172.017777723,2244195.6736950967,32249.001689498324,391651.8580406032,139274.22343117453,165008.49541928855,218149.4045445738,138111.3859318993,189834.74815056022,193149.86166773483,189934.72156188797,386377.6621436921,250932.9455511988,417760.00920604786,550185.3750203383,417328.8588136266,578150.4440123859,704182.0236342014,747394.8401189328,620040.8334358181,727863.2724500695,875597.1427266985,761037.4971497258
Ornithine_X_HILICPos,183124146.6666667,288326864.516129,235019093.33333334,645782451.6129032,253733522.58064517,442416369.2307692,70343627.27272727,167137779.31034485,97978040,8612826.11111111,78828592,35432552,90123664,NA,199056360,40215738.70967742,3065029.648241206,23026428.96551724,15107838.009049773,16366824.509803921,26049112.258064516,5058836.666666667,9283930.666666666,14866644.897959184,6572504.330708661,7419627.111111111,6070604,8786400.52631579,35718127.27272727,12259423.529411765,43206953.699284,21532181.132075474,64039891.32075472,22064343.902439024,11813475.961538462,10683491.304347826,8190676.666666667
Orotic Acid_X_HILICNeg,4984309.690492099,2662779.9628088386,2802981.1906085005,5098906.322864134,3615465.329474821,9569357.564460985,960128.1414580757,777390.8575084939,1806119.095925744,240628.92705924012,9122583.020022983,2824545.8979880894,1087082.6464557736,NA,4955570.021047847,4028665.2024692083,74927.06606086486,223347.08099925902,124694.75515230077,100272.41313443038,473131.38728496956,548926.0676544147,519443.5841264904,248077.74303407306,296773.9189231864,1425570.3547064397,901602.3716497646,1690008.8672447868,1332558.5394113,2024058.5001727983,1941498.4960395752,3450164.175338285,2767955.9429889373,2992365.514027156,2230401.09433246,2685678.846804746,3399794.267625846
PEP_X_HILICNeg,749998.3333333334,1550003.2258064516,166.66666666666669,3320209.6774193547,1231545.1612903227,2673015.3846153845,227.27272727272728,730772.4137931035,438430,89809.72222222222,820184,186734,1005908,NA,1103020,322917.7419354839,131481.4070351759,137.93103448275863,90.49773755656109,98.0392156862745,248719.35483870967,30.303030303030305,65364,87387.75510204081,39.37007874015748,73837.77777777778,64527.63636363636,601168.9473684211,475509.0909090909,94315.6862745098,879730.3102625298,127941.88679245283,870041.5094339623,238664.02439024393,192403.84615384616,238119.13043478262,1880495.3333333333
Phenylalanine_X_RP,1335807462.40794,1161323902.640249,961773753.3446362,1709945142.912241,1670052260.7275465,1833620111.5763063,767390298.2033334,658085464.6204684,1086330819.7056754,46063029.26963324,3426309124.219965,361768726.2295406,186102014.15245104,NA,313697676.41732484,1159055044.322246,21764551.520558134,17262583.36136037,33010491.888227407,25750944.90200434,138454173.55678576,135724871.71168992,168334230.6183255,54481052.82962766,81185749.52326836,247650245.8494529,169771587.20411393,262523968.5884039,248625200.53972214,347807046.525735,383320368.1056128,475387570.08414066,522689938.30268806,437533288.4218055,318261307.22581375,377673577.1797933,374418897.17727965
Phosphoglyceric Acid_X_HILICNeg,2211315,3789622.580645161,166.66666666666669,4645770.9677419355,3198666.129032258,4520491.025641025,85004.54545454546,1046324.1379310346,809652,92133.61111111111,4757200,1322870,1755868,NA,2844760,362353.22580645164,29410.552763819094,114402.75862068965,75060.6334841629,81315.6862745098,125614.51612903226,47131.51515151515,51177.333333333336,80256.2358276644,32654.33070866142,289068.8888888889,244153.81818181818,558809.4736842106,576317.7272727272,324272.54901960783,985594.7494033412,755365.283018868,1012504.9056603773,584110.9756097561,214720.1923076923,920092.1739130436,1968894.6666666667
Proline_X_HILICPos,931786600.5405768,896483849.116673,1049726943.2621181,19343835809.95846,16548299275.113937,19701088423.34879,25896840774.67256,22467209202.910862,31624705954.500717,1090259328.337678,2536806186.626229,1206466364.4268157,435291116.64929336,NA,16020052675.251543,1098631839.0566866,286145797.3873661,197175340.91249847,321992406.14400154,284812630.40085256,1307045893.6502688,1246294171.5778654,1633392699.5020354,834751120.1240656,1268362403.739848,3436125246.4302487,2247797995.429013,3592212032.753082,3099753646.7836857,4111085127.61615,4282622187.484131,7249779627.112476,7621499493.041267,6718264063.969405,5840549579.343602,6329829310.952149,6750083542.256284
Propionyl-L-carnitine_X_HILICPos,11284734.67233203,10765703.20379043,8470170.045954881,9243449.242552008,4978817.093941099,8901037.086304398,2864997.2727375263,2227399.5737071536,3097958.7630511126,1970347.428736799,60101233.568452835,19106943.214900732,14414687.480376806,NA,162178944.6444312,22499183.98343933,1623948.361150112,4979498.704944758,3160281.3702090485,3512784.700900118,1111940.478587238,1197089.1183861215,994738.2846014692,1535910.624932563,1255274.6322363897,1856727.1250688874,1129003.7260097663,1812161.7050324169,1994328.7949540059,2255674.7002215357,2043712.2885311665,6034455.801341679,6258491.387196207,5946436.823726862,6228511.36626275,6674000.147370929,4967145.967721456
Propionylglycine_X_HILICNeg,393571.6666666667,380875.8064516129,393571.6666666667,2757253.2258064514,2654953.2258064514,5431266.666666666,613229.5454545454,465208.6206896552,539642,80102.77777777778,1153480,576740,576740,NA,1441850,465112.9032258065,144909.54773869348,748217.9310344828,490912.21719457017,531821.568627451,174986.4516129032,164381.21212121213,180819.33333333334,246012.6984126984,213566.14173228346,241092.44444444444,197257.45454545456,285504.2105263158,833464.5454545454,898834.3137254901,875237.2315035799,434930.56603773584,434930.56603773584,351392.0731707317,554118.2692307692,501115.6521739131,384188.6666666667
Pyridoxal_X_RP,1129241.6318788459,997100.259859181,1459152.9911651902,2253853.3458615723,1610266.7771341219,1804622.9283672771,873729.6182127134,1562456.9083754097,1890363.516828357,63099.45166218583,12786209.937247936,2245773.928659881,1358636.7498363925,NA,2910491.1028630594,3881671.460963216,107763.89268314959,509001.8050957121,406082.57833228144,363668.10364434216,186896.15096233462,162016.08690902503,190631.38834390137,214269.8520311425,203790.8597857454,270328.2822185538,201013.08929181442,343849.3977756137,145749.64738751203,156562.27472813815,226816.97067975684,427851.2572796055,262588.12702630856,382255.16023092234,547606.7894528636,420715.4668748855,593512.8994776601
Resorcylic Acid_X_HILICNeg,122081.66666666667,213925.8064516129,401335,1026950,397098.3870967742,1308306.4102564103,180956.81818181818,137277.58620689655,159242,27.77777777777778,6704664,1502514,808096,NA,347135,147591.93548387097,50.25125628140704,49606.89655172414,32547.511312217193,35259.80392156863,367050.96774193546,10898.48484848485,89292.66666666667,16310.657596371882,14159.448818897637,86765.77777777778,46948.72727272727,254511.05263157896,446287.2727272727,40348.529411764706,491638.18615751783,222870.1886792453,570787.9245283019,1238221.3414634147,96.15384615384615,594313.0434782609,1143255.3333333333
Ribose 5 phosphate_X_HILICNeg,8005651.666666667,7576950,660608.3333333334,8214353.225806451,5734585.483870968,9125670.512820512,1238625,1386539.655172414,2038594,256892.5,15200740,4726034,3780582,NA,2469715,5274653.225806451,41426.633165829146,137.93103448275863,49751.13122171946,82670.58823529411,761298.3870967742,413095.4545454546,619997.3333333334,688602.7210884354,306834.25196850393,1282894.2222222222,1127327.2727272727,1757450.5263157897,1845140.909090909,2228894.117647059,2530371.8377088304,3539472.452830189,4047344.9056603773,3119547.56097561,3065111.5384615385,3639459.1304347827,4594342
RP B12_X_RP,166291.6666666667,200067.74193548388,178230,162075.8064516129,142977.4193548387,124879.48717948717,108593.18181818182,81217.24137931035,139726,2241.9444444444443,32284,16142,16142,NA,40355,13017.741935483871,4055.778894472362,6994.48275862069,4589.140271493213,4971.56862745098,1635.8064516129032,1536.6666666666667,1690.3333333333333,2299.7732426303855,1996.4566929133857,2253.777777777778,1844,2668.947368421053,1999.5454545454543,2156.372549019608,2099.761336515513,3387.9245283018868,3387.9245283018868,2737.19512195122,4316.346153846153,3903.4782608695655,2992.6666666666665
Serine_X_HILICPos,49762008.75159103,49740979.99950006,39286737.98164436,130765100.47079344,99843045.43850058,95436410.57237414,53912578.503729366,63506801.80099533,59911485.56261589,4388505.32536887,178494672.53738797,43408824.50281666,30243394.444878485,NA,63858768.19711048,61299234.20166803,3508325.6553558237,14444227.818152104,7443971.289425843,8417000.828458406,10841670.460177487,8676876.812235458,13613822.664810864,11357366.311762238,9555437.632811682,18547104.942385387,12815998.35516553,18985393.86272783,21309508.696930435,19696946.319040447,25103801.590097137,41856538.04033857,40071570.636057496,37234251.13377995,39205622.25321385,31036006.657708697,38661008.51916962
Stachydrine hydrochloride_X_HILICPos,22202798.333333336,21268179.032258064,21115828.333333336,29912622.580645163,25187962.903225806,25742289.743589744,21492547.727272727,20358886.206896555,28367828,15387854.444444444,1226463616,177173920,66414160,NA,60369250,197967445.16129032,18962566.834170856,39355591.72413793,39479109.50226244,55385439.21568628,24200885.16129032,17343690.90909091,40245408,19533828.57142857,23838096.062992126,21954616.888888888,12811328,25986536.842105266,15074634.999999998,16256959.31372549,15830165.632458232,34636080.754716985,34636080.754716985,27983418.902439024,44127699.038461536,39906788.69565218,30595204.666666668
Sulfurol_X_RP,524043.3333333334,679572.5806451613,49921.66666666667,686948.3870967742,520506.4516129032,407135.89743589744,519175,103294.8275862069,408756,27.77777777777778,400,200,200,NA,500,161.29032258064515,50.25125628140704,31739.310344827587,20824.43438914027,22559.803921568626,7422.903225806452,6973.030303030303,7670.333333333333,10435.827664399092,9059.448818897637,10227.111111111111,8367.636363636364,12111.052631578948,11486.363636363636,12387.254901960785,12062.052505966585,12906.415094339623,12906.415094339623,10427.439024390245,16443.26923076923,14870.434782608696,11400.666666666666
Taurine_X_HILICNeg,215834971.329031,251184454.8300042,204013108.61796525,1217674894.0189877,963788440.517684,1041386234.7518071,674733595.9050761,624525903.8485224,771110722.1381114,101300833.3346228,835261971.9374146,286110350.26851296,270788198.67431396,NA,20862982.134775456,474839867.3779059,53118474.68681425,3163153.5730569693,7902599.933476396,9109742.190897224,187921041.80851698,166887983.62936902,212230255.56563452,122248042.9328375,154824702.81713697,340961323.769419,239461056.69830278,319572742.3205905,357149663.5136575,361870452.6153671,329206869.7520705,590162876.0259494,561155052.7472403,521349032.2935348,606526406.8296752,559650160.1678702,594462886.6328176
Thiamine monophosphate_X_HILICPos,169610,210458.06451612903,166.66666666666669,337058.06451612903,161.29032258064515,147508.97435897434,227.27272727272728,172.41379310344828,200,27.77777777777778,400,200,200,NA,500,161.29032258064515,50.25125628140704,137.93103448275863,90.49773755656109,98.0392156862745,32.25806451612903,30.303030303030305,33.333333333333336,45.35147392290249,39.37007874015748,44.44444444444444,36.36363636363637,52.631578947368425,45.45454545454545,49.01960784313725,47.732696897374694,75.47169811320755,75.47169811320755,60.97560975609756,96.15384615384615,86.95652173913044,66.66666666666667
Threonic acid_X_HILICNeg,1052454746.8393922,784290781.7452384,611043203.0097708,1767748812.8260763,1121446204.112287,1483327252.820412,334329979.1023084,351477348.23940873,397328299.4018048,41890576.38034205,1200814424.5151398,337073271.1875076,316240743.6285631,NA,1009508300.1651434,317658900.74617356,20822860.428947322,9382528.446619244,23751240.500147026,22958378.275560915,163548859.99996036,99439626.48499861,121428016.33772801,84121263.99630152,93322443.02431437,339819274.4175663,199405250.62559655,323685667.38181967,450076773.6266396,342936172.3495474,478193626.2066664,977925372.8682063,947317562.993721,977982062.9485419,622965401.0072343,687739701.8939316,865599668.8781608
Threonine_X_HILICPos,473509773.7766121,334067630.06818646,303832797.53962755,600583653.3606651,537123612.219314,857353543.7007022,96296132.93438141,116223783.19595619,154445218.8164388,13443149.105462503,350337835.9656494,68636898.940384835,63306838.063147545,NA,121940647.98568137,117814046.74494022,6397192.183716852,7180893.463208993,7617494.437296624,7008100.161165979,27093819.86684404,21825482.991589714,19824192.182716284,9593818.219843121,18415201.17746505,55575065.37711812,30192009.886246905,56387909.658613145,55462574.90291468,66283738.17747501,84377727.11795636,94522804.63458158,95525343.83222882,96924590.35033007,50452277.34161359,73137325.1876081,94004733.62520276
trans Hydroxyl proline_X_HILICPos,15129552.638749987,22125903.81133876,20217486.655156437,34146368.570872135,26226067.200382996,32875588.806930732,13417517.865119504,12429972.599556599,13775191.42765714,1453998.5382308052,37652598.51901693,14393732.326632895,3715203.9223146546,NA,398101331.4935855,11385163.072167931,1008951.2162253503,2557248.896592757,1427712.9729991101,1148085.3776977095,2067786.2392756941,1677711.1394974787,2914560.0075198323,1450649.538060558,1853751.3823620765,2937791.277849648,2019296.1617724663,3916762.632179588,3991563.287257353,3933671.1541514783,5031263.288750971,7739276.003581724,10315893.37382012,8675617.5282213,11201069.787624145,10041602.351402791,15259520.952168984
Trigonelline_X_HILICPos,1024569706.6666667,1141506890.3225806,954710933.3333334,1346382348.387097,1077832051.612903,1432469333.3333333,69868311.36363636,53003546.55172414,61484114,8873286.944444444,1997263232,731452416,605290752,NA,297126320,672537135.483871,16052177.386934673,46787248.27586207,30697515.837104075,33255642.156862743,10942179.032258064,10279016.666666668,75138037.33333333,15383562.358276643,68313814.17322834,117541546.66666667,99238446.54545455,143376926.3157895,6740549.090909091,7269219.607843137,7078380.9069212405,273130191.6981132,272371079.245283,262469951.21951222,318661969.2307692,352866671.3043479,335660778.6666667
Trimethyl-L-lysine_X_HILICPos,12446267.650771422,12991387.642971927,10596296.879070807,15143814.786942827,11907726.907568933,11255245.316460935,4946739.4047630355,4995723.829801815,8827009.269273793,1827823.02349976,72535519.43132381,24763254.501035575,19454997.856700324,NA,50983901.12247272,28029826.077591766,1074164.335658581,1099783.4889720161,3844118.729634482,2196806.632379754,1895068.7793688613,1421302.1015257933,1541882.7038902054,1485899.1091577474,995893.2156698162,1798041.513413316,1424752.271184961,2132797.3016914004,2888137.4395320825,1465751.8964029173,3219067.9368993794,3290475.2888343674,4491761.651709891,2930309.2306647548,3618987.1111739622,5476439.271822232,5277300.5922003
Trimethylamine N-oxide_X_HILICPos,81516773.33333334,78351864.51612903,74753213.33333334,160514593.5483871,114518593.5483871,164188307.69230768,41971795.45454545,32630700.000000004,50681380,131681555.55555555,399856512,299279808,106357696,NA,192245560,160261664.51612905,33445435.175879396,15249798.620689655,26736600.904977378,31048841.17647059,121385156.12903225,118288678.7878788,177811786.66666666,84168809.07029478,188484359.0551181,63767402.666666664,28947287.272727273,58540404.21052632,87610341.81818181,56801882.35294118,71871427.20763722,81381415.8490566,63772667.16981132,79004970.73170732,57517980.76923077,66174803.478260875,50239370.666666664
Trimethylammonium Propionate (TMAP)_X_HILICPos,606729066.6666667,596142400,778060106.6666667,900109625.8064517,768334296.7741935,798071794.8717948,557390872.7272727,395620689.65517247,636660416,290814773.3333333,5768270336,2385331712,1137832448,NA,1305571520,3638896722.580645,162544048.24120602,15313337.931034483,139342653.39366516,177942760.7843137,273827943.2258064,196175961.21212122,307911808,181217814.05895692,221621366.92913386,316956330.6666667,210417710.54545453,403035621.0526316,506849570.9090909,350977411.7647059,447593729.8329355,511421778.1132076,446569587.9245283,422432780.4878049,489599692.3076923,460674309.56521744,465108650.6666667
Tryptophan_X_RP,168093346.89433303,101705675.58194053,90825829.83060019,89147194.33903728,136697550.8964961,143760222.85980377,51388231.22745864,33682371.69401339,63863465.978328004,5711624.785318176,466364036.12132806,66630917.22586155,23115650.296669323,NA,155638794.9372656,166436361.45698613,3032631.8313993835,2735861.161549215,3598904.510012722,3038569.5273768213,8021374.910670953,10954899.65649541,12841587.174137786,3716361.0906339213,8220575.389255507,18415481.782902226,8150990.290768272,13215696.029086426,11407868.409290345,20830633.19217057,18760170.66573082,32617650.684855953,19424566.031507667,31705545.680393666,19936390.6424735,28600466.246357247,19702720.43171188
Turicine_X_HILICPos,3215371.945122456,3141449.5429051537,3725691.8861776823,1840457.297296539,1876692.1844251552,1482611.30535356,6942456.261971771,5656178.959032199,7323586.84257051,3668326.0132346586,4616450.884861128,1936473.6464787794,1942528.4057703754,NA,22636992.817888748,19297065.536137857,4716128.332250019,3383302.735614908,2242150.5979731176,1821499.9450074243,3835039.4649320412,3722551.215583195,6937111.175846707,1080472.2409246468,4806871.451929075,4910172.910951048,2947689.0109021477,5752392.9556866,3755731.8194171526,1268374.2880396375,4050106.863368299,6384550.765311786,6359029.090487661,6303163.500223112,7768799.105976958,11675317.016636547,7277165.433531347
Tyrosine_X_HILICPos,195705461.2912044,164707294.41255775,109147065.23767306,150231891.59748122,149818796.08735338,183944580.3725412,79666559.1932346,61457035.5004351,116129963.05622031,11476612.098366404,636254030.9299953,80196126.7120311,22510816.08252699,NA,93885811.68773519,229074268.52907756,4937145.099653816,2605922.1298895874,4348173.864539972,4417881.870094989,21319189.665636744,19408573.652275603,22018773.708557684,10789991.017673915,14009004.473307978,33462366.87751358,16874520.71941565,28973357.822894286,30260383.604473725,33999555.07134383,38986831.55031368,50155584.30037151,39741603.54098627,53582742.65074288,32426971.10061322,44176386.20988738,32001080.744463425
UDP-glucosamine_X_HILICNeg,6871433.333333334,6973124.193548387,5817693.333333334,6638390.322580645,4691980.645161291,7390366.666666666,1409409.0909090908,1387151.7241379311,2439820,427863.3333333333,32306076,4574146,3322304,NA,2329830,6401982.258064516,110175.87939698492,137.93103448275863,167747.5113122172,296948.03921568627,508721.2903225806,362372.1212121212,615293.3333333334,480232.6530612245,654707.0866141733,1344008,878549.0909090909,1461038.4210526317,1722984.0909090908,1632077.450980392,1895774.701670644,3123372.0754716983,3075686.7924528304,3040454.268292683,2676729.8076923075,3065083.4782608696,3152055.3333333335
UDP-glucose_X_HILICNeg,4330832.622989497,5322255.676315653,5366851.377813251,10613262.586178057,4549206.814639013,12047282.627831079,1365922.4179220179,963540.1210451728,1182454.8095886318,252075.3441289402,10526938.610499151,2955306.6186593575,2945411.131697444,NA,4766938.432035747,3415895.5523084896,52849.7657204001,115.30805024329827,132431.52600673426,46941.6074972676,270009.94243427506,166163.4060199309,132653.71740940234,165218.85835788646,203496.78957461682,586242.1439517426,675068.5075410646,1209988.4933330847,1109376.7756408094,1227638.1458651428,1237724.5500040695,1526872.2125890362,2582784.2425465523,1996277.976088815,1662822.2180911622,1574626.2489285972,2526612.221860106
Uridine_X_HILICNeg,66802519.424278714,43756278.99569315,29501138.659030735,17561757.03458809,23587532.750490393,28054475.44611117,18895255.279959504,14441712.488742922,23810703.242513187,790319.1097975814,353917335.6447907,40590574.63260838,26293365.75698257,NA,12463655.640243767,67254953.96947435,1982488.212181552,2589635.077201841,3666876.1125991,4649512.573388654,2445613.545874544,2685555.4400843205,1495090.2556166255,814470.8488024683,1131562.4650725217,2280452.8873648397,1619338.0106163158,2567761.4362318753,2699639.18212252,4014042.898499228,4520730.724584527,4856598.118097632,3459651.287283725,6866998.040852266,8576918.658680415,16081667.400468722,7529824.499978151
Vitamin B1_X_RP,7464775.998809909,8062160.0569485985,10643697.27479359,10016333.446235094,7190480.587850835,6893639.261123133,5496304.676609394,5030705.288942518,4108488.0098141315,14833.473775198407,780601.9133978767,178.93016150430248,199.6556525204474,NA,457.40287767292875,130530.3894460824,45.1645170778027,92.1792445486243,73.54077121197736,65.85959170432157,33.84653223678475,29.34080065431186,34.52297651771979,38.803856670139375,36.90613139855618,48.955930186432106,18876.818442352025,29894.80355099209,43.13893802111283,36294.2957119406,77140.09854031136,70.21644313438412,97.43204383761157,63.923977937691035,86.45881486152135,53533.07638961123,50471.598637344076
Vitamin B2_X_RP,941126.6666666667,1197085.4838709678,488956.6666666667,435651.6129032258,247975.8064516129,458769.23076923075,263750,174363.7931034483,85546,14103.611111111111,5311896,450460,350476,NA,500,1762304.8387096773,27293.467336683418,31366.896551724138,20580.090497737558,22295.098039215685,81867.41935483871,15901.515151515152,35181.666666666664,10313.378684807256,40739.370078740154,45008.88888888889,48734.545454545456,54420,68261.81818181818,116473.5294117647,279699.7613365155,207835.47169811322,57072.45283018868,144704.8780487805,85027.88461538461,137156.52173913043,150208.66666666666
Vitamin B3_X_HILICPos,1391484920.0270553,878594446.9389699,647491563.6109399,834214984.4190823,765869019.9089984,989916340.6058661,126861009.34923424,96069946.2798941,208315512.17992574,10568217.400272546,2457024926.392859,544255664.3493317,387940058.52015847,NA,115839267.5326004,802498922.7159405,6055860.096787454,14547118.65769063,20228527.210419357,29388506.872629058,65746916.83755352,59182595.6582957,45799855.11359683,25458702.756836392,34286690.46859422,141998037.6475683,73574695.35252684,118509690.4686724,148450184.75758085,184179262.30724838,189627554.70982823,290158562.7367136,208686912.00087133,334522659.39278704,358098369.35932547,470600158.36249834,306021855.0906944
Vitamin B5_X_RP,1684987.3679584754,1506177.2064893483,1995480.7460787075,2088424.072124714,1356411.5923356733,1644708.0750522525,480360.9993283805,777798.9650032432,868700.8704636826,109152.21634162417,77639.58793642787,1266040.0400414576,30183.94154804124,NA,821939.2490919227,2566703.8872519964,37809.02382651175,31006.332488820757,117218.10605019495,95410.13190613363,202809.7750241037,134863.52316751174,113158.72197025159,77248.77766607996,98614.65934219804,224981.38320546548,182801.35516715937,355114.7471140781,242417.96804150296,277405.7873075831,469762.69762490434,467268.6619619547,697751.7873795483,419054.9158500923,23943.904187749722,22293.23956473329,23055.46222186202
Vitamin B6_X_RP,1497474.7636254586,898352.1624538989,1376753.8883675628,11823807.440844314,18616171.456454456,18077145.34179188,3700067.356141402,2237040.412642086,3124294.4829117893,117872.8491063824,4960416.004429799,755407.0888302267,974711.0325715701,NA,3128295.0364180855,2660453.8459815728,285157.08520840004,2922587.516542949,1240623.9775435338,1167266.3989971527,405368.6241729363,3164054.874824244,2005832.955726396,657731.9989494553,831201.8035654728,4813944.121259801,1818442.1656756597,2102289.680596925,2956164.3818047796,5502671.952994149,2469802.9137300504,7330425.135322232,720137.925098872,3157288.7417020993,15729660.371724494,14401791.454988932,8598614.795210464
Xanthine_X_RP,62960124.4515164,59564851.714605324,28525509.477176774,20345704.716580167,31294754.249724757,26261721.03133119,7568777.461647137,5456332.629047113,9274382.072015496,3144387.7174106934,212244555.8774749,66084414.536046684,41210989.67457917,NA,108308139.70138888,66273906.62945038,771270.1940673927,6341157.718646491,9475471.199027412,6197757.125591954,6611613.22214746,9819087.574381802,4814459.4968944285,3553945.5470831753,2735421.9504345693,5892109.969757944,6661079.942139822,6432358.486033466,9904918.491563257,20938147.47312331,14273203.05126406,8787919.038779749,6687414.451818792,8846966.103271358,11552449.364395,22488661.60966135,13080543.407991812
